user_name,parent_name,time
smckl,SockGiant,1443509879.0
,smckl,1443497175.0
ImGonnaBeInPictures,smckl,1443497986.0
Creepy_Shakespeare,smckl,1443500776.0
spideyjiri,smckl,1443501374.0
MlCKJAGGER,smckl,1443501906.0
imhigherthanyou,smckl,1443507233.0
OhThatsHowItsGonnabe,smckl,1443542645.0
PandaBearShenyu,smckl,1443501224.0
Waveseeker,smckl,1443508633.0
Justkevin87,smckl,1443522799.0
Panaphobe,smckl,1443525397.0
Darth_Yohanan,smckl,1443529428.0
jakichan77,smckl,1443529645.0
Channe1,smckl,1443530278.0
wiiya,smckl,1443498663.0
BuschMaster_J,smckl,1443504087.0
saysthingsbackwards,smckl,1443515313.0
Rhacbe,smckl,1443510301.0
PsyNami,smckl,1443505591.0
helllrelll,,1443498914.0
paperbx,,1443514660.0
kevie3drinks,,1443531893.0
nootrino,ImGonnaBeInPictures,1443501041.0
labiaflutteringby,Creepy_Shakespeare,1443502385.0
Aaabeduation,spideyjiri,1443514471.0
Whapow,OhThatsHowItsGonnabe,1443543004.0
whatwronginthemind,wiiya,1443500628.0
albatr0xx,Rhacbe,1443536970.0
braintrustinc,helllrelll,1443499722.0
HighGradeSpecialist,helllrelll,1443501415.0
SpacecraftX,helllrelll,1443565064.0
,helllrelll,1443568684.0
Bobthemurderer,helllrelll,1443501812.0
ReversePeristalsis,helllrelll,1443505722.0
IronMan64,helllrelll,1443512332.0
felipcai,helllrelll,1443515128.0
TheOven,helllrelll,1443525042.0
Spawnacus,helllrelll,1443527280.0
fpsmoto,helllrelll,1443501671.0
balfazahr,helllrelll,1443501635.0
xScott18x,helllrelll,1443534444.0
agentfooly,nootrino,1443503680.0
smckl,labiaflutteringby,1443534936.0
kaylashmayla,whatwronginthemind,1443501666.0
shootdawhoop99,whatwronginthemind,1443501384.0
scharfes_S,whatwronginthemind,1443501388.0
theredcheck,braintrustinc,1443500976.0
dalr3th1n,braintrustinc,1443502671.0
darklatrans,braintrustinc,1443500854.0
JoyJoy_,braintrustinc,1443500485.0
SpacecraftX,HighGradeSpecialist,1443565161.0
Vidyogamasta,agentfooly,1443506300.0
BlackLav,kaylashmayla,1443502647.0
anapollosun,theredcheck,1443501994.0
,theredcheck,1443503367.0
Nobody_is_on_reddit,darklatrans,1443501567.0
Gazz1016,darklatrans,1443500922.0
HighGradeSpecialist,SpacecraftX,1443570171.0
shiftius,Vidyogamasta,1443511998.0
Dokpsy,Vidyogamasta,1443530025.0
McBurger,Vidyogamasta,1443532567.0
kaylashmayla,BlackLav,1443503092.0
derekandroid,anapollosun,1443502870.0
,anapollosun,1443502999.0
Brunky89890,anapollosun,1443503150.0
ASK_ABOUT_SUBSPACE,Nobody_is_on_reddit,1443501878.0
NoGoodNamesAvailable,Gazz1016,1443501043.0
,derekandroid,1443503437.0
scitech2100,derekandroid,1443506602.0
DEATHbyBOOGABOOGA,derekandroid,1443533326.0
anapollosun,,1443506767.0
anapollosun,Brunky89890,1443506880.0
Zolo49,ASK_ABOUT_SUBSPACE,1443502910.0
Hereforthefreecake,,1443503729.0
ThisIsJustSenseless,,1443504286.0
,,1443532147.0
BearguanaMan,,1443503735.0
Thegreedygringo,,1443505474.0
,,1443506388.0
Lifea,,1443514345.0
Barrister_Ryan,scitech2100,1443529460.0
Dad_Jokes_Incoming,anapollosun,1443507004.0
Mernerak,Zolo49,1443503384.0
,Hereforthefreecake,1443507472.0
PeperAndSoltIt,Hereforthefreecake,1443508596.0
temalyen,ThisIsJustSenseless,1443505196.0
,ThisIsJustSenseless,1443509355.0
FriedRiceIsYummy,ThisIsJustSenseless,1443520811.0
SenorPantySlayer,ThisIsJustSenseless,1443526204.0
-Forest_Gump-,ThisIsJustSenseless,1443529179.0
DiggerW,Lifea,1443576175.0
GIFtoGasm,Barrister_Ryan,1443531786.0
anapollosun,Dad_Jokes_Incoming,1443507255.0
Bombadjedi,Mernerak,1443506653.0
Good_Orc,,1443511630.0
atomic1fire,temalyen,1443506117.0
Lifea,DiggerW,1443578747.0
t3hnhoj,atomic1fire,1443521315.0
420inthe808,SockGiant,1443509879.0
circuitcycle,420inthe808,1443505333.0
,circuitcycle,1443528387.0
cracker4uok,,1443536608.0
,SockGiant,1443509879.0
anisixtwofive,SockGiant,1443509879.0
Shat_on_a_turtle,SockGiant,1443509879.0
MercuryIsle,Shat_on_a_turtle,1443521047.0
,Shat_on_a_turtle,1443526245.0
Scionstorms,SockGiant,1443509879.0
enemawatson,Scionstorms,1443574716.0
fullforce098,SockGiant,1443509879.0
ah64a,fullforce098,1443502140.0
ContentiousRage,fullforce098,1443506282.0
quimbymcwawaa,fullforce098,1443511233.0
tinmart56,SockGiant,1443509879.0
AvatarIII,SockGiant,1443509879.0
,SockGiant,1443509879.0
Teslanaut,SockGiant,1443509879.0
Bill_Nye_Approves,Sackyhack,1443509879.0
jigglefest2,Bill_Nye_Approves,1443497849.0
Etonet,Bill_Nye_Approves,1443503747.0
thairussox,jigglefest2,1443501936.0
,Etonet,1443504087.0
caryllll,thairussox,1443504932.0
LaboratoryOne,,1443504729.0
temalyen,caryllll,1443505282.0
caryllll,LaboratoryOne,1443505062.0
corobo,LaboratoryOne,1443514838.0
YUGE_DICK_MCGEEE,temalyen,1443506709.0
ResolverOshawott,corobo,1443520308.0
RnRaintnoisepolution,YUGE_DICK_MCGEEE,1443507538.0
Dracunos,YUGE_DICK_MCGEEE,1443531112.0
corobo,ResolverOshawott,1443521305.0
,RnRaintnoisepolution,1443510953.0
ResolverOshawott,corobo,1443527991.0
DinoStak,Sackyhack,1443509879.0
Nobody_is_on_reddit,DinoStak,1443501708.0
sonny_sailor,DinoStak,1443501889.0
Vox_Imperatoris,Nobody_is_on_reddit,1443502698.0
100_Tacos,Vox_Imperatoris,1443503174.0
PurpleBullets,100_Tacos,1443507523.0
ranciddan,100_Tacos,1443506739.0
100_Tacos,PurpleBullets,1443508518.0
100_Tacos,ranciddan,1443508493.0
,Sackyhack,1443509879.0
bzidd420,Sackyhack,1443509879.0
Synsane,bzidd420,1443503709.0
,Sackyhack,1443509879.0
WasayZ,,1443500532.0
,,1443509380.0
Fawkz,WasayZ,1443501239.0
charlestonchewing,,1443541785.0
dryerlintcompelsyou,Fawkz,1443501860.0
Fortunatelyluckyy,dryerlintcompelsyou,1443503086.0
IWriteWhenImUp,Fortunatelyluckyy,1443503747.0
EruptingVagina,Fortunatelyluckyy,1443504008.0
ImaginarySpider,Fortunatelyluckyy,1443503658.0
Cansifilayeds,IWriteWhenImUp,1443512471.0
IceSeeYou,EruptingVagina,1443507626.0
tooterfish_popkin,Sackyhack,1443509879.0
,Sackyhack,1443509879.0
,,1443503574.0
,Sackyhack,1443509879.0
Blikemike88,Sackyhack,1443509879.0
o_bama2016,Sackyhack,1443509879.0
King_Tryndamere,_UNDERSCOREBEFORE,1443509879.0
,King_Tryndamere,1443510423.0
King_Tryndamere,,1443510757.0
catzhoek,King_Tryndamere,1443524904.0
MontePylon,XHF,1443509879.0
lance30038,MontePylon,1443505113.0
shannister,MontePylon,1443512277.0
DownvotesAdminPosts,MontePylon,1443510502.0
The_Bald,MontePylon,1443530424.0
truwarier14,lance30038,1443505832.0
Zarlon,DownvotesAdminPosts,1443530348.0
MyMetaUsername,truwarier14,1443511625.0
rootb33r,MyMetaUsername,1443518391.0
sennesennesenne,rootb33r,1443523787.0
StoneTheKrow,sennesennesenne,1443531829.0
HowDoYouDo87,sennesennesenne,1443536464.0
DrawBartDraw,sennesennesenne,1443532788.0
PizzaNietzsche,DrawBartDraw,1443544915.0
brfrozen,DrawBartDraw,1443542921.0
DrawBartDraw,PizzaNietzsche,1443545527.0
PizzaNietzsche,DrawBartDraw,1443552735.0
DrawBartDraw,PizzaNietzsche,1443553819.0
PizzaNietzsche,DrawBartDraw,1443557595.0
DrawBartDraw,PizzaNietzsche,1443559833.0
PizzaNietzsche,DrawBartDraw,1443560044.0
sennesennesenne,XHF,1443509879.0
Absay,sennesennesenne,1443507864.0
Ebu-Gogo,sennesennesenne,1443519452.0
ApprenticeTheNoob,sennesennesenne,1443526303.0
,Absay,1443510437.0
thegg99,,1443533942.0
Vhu,XHF,1443509879.0
,XHF,1443509879.0
MonsieurCandie,XHF,1443509879.0
,XHF,1443509879.0
stevo1078,,1443506712.0
iamapapernapkinAMA,bdh008,1443509879.0
it-was-me-barry-,iamapapernapkinAMA,1443503416.0
FunnyBunny01,iamapapernapkinAMA,1443511842.0
wonderful_wonton,iamapapernapkinAMA,1443532571.0
Treshor,iamapapernapkinAMA,1443548884.0
_under_,iamapapernapkinAMA,1443520769.0
Cintax,bdh008,1443509879.0
Zentopian,Cintax,1443501189.0
JV08,Cintax,1443499488.0
lhedn,Cintax,1443514324.0
momm3,Cintax,1443528412.0
justmefishes,Zentopian,1443502409.0
budee126,Zentopian,1443505055.0
BiteYourOwnTongue,Zentopian,1443529823.0
Cintax,JV08,1443501890.0
SekondaH,justmefishes,1443502540.0
,justmefishes,1443502563.0
sobercontrol,justmefishes,1443502781.0
NSA-SURVEILLANCE,justmefishes,1443503444.0
Paddy_Tanninger,justmefishes,1443505685.0
edit__police,justmefishes,1443507297.0
BoltActionPiano,justmefishes,1443527461.0
kevie3drinks,justmefishes,1443532079.0
Zentopian,justmefishes,1443503809.0
JV08,Cintax,1443512571.0
blueberrywine,SekondaH,1443504359.0
findergrrr,,1443504006.0
nkorslund,,1443509085.0
trillogy_,,1443503752.0
LemLuthor,,1443508249.0
monkeyfetus,,1443508329.0
Stendarpaval,,1443523713.0
caryllll,findergrrr,1443505852.0
Katamariguy,findergrrr,1443528302.0
Oknight,findergrrr,1443529465.0
RatchetMoney,trillogy_,1443510416.0
CrazyPurpleBacon,trillogy_,1443528974.0
Pokerhobo,trillogy_,1443508150.0
findergrrr,Katamariguy,1443528696.0
CampingForGoals,bdh008,1443509879.0
kingfrogbe,CampingForGoals,1443501420.0
,CampingForGoals,1443501549.0
PanaceaIV,CampingForGoals,1443503743.0
Agent_545,CampingForGoals,1443501420.0
temalyen,kingfrogbe,1443505465.0
RalphWaldoNeverson,kingfrogbe,1443539433.0
,,1443502603.0
tinmart56,,1443508107.0
,tinmart56,1443541520.0
sanchopancho13,bdh008,1443509879.0
AwesomeTeacher,bdh008,1443509879.0
gemini86,AwesomeTeacher,1443501203.0
chuby1tubby,AwesomeTeacher,1443500192.0
dnamery22,AwesomeTeacher,1443501177.0
Sgeo,AwesomeTeacher,1443504925.0
michael1026,gemini86,1443502087.0
K1dn3yPunch,gemini86,1443516198.0
AwesomeTeacher,Sgeo,1443558004.0
VortixTM,michael1026,1443502580.0
pigi5,michael1026,1443502892.0
DrawBartDraw,bdh008,1443509879.0
Quarter_Twenty,bdh008,1443509879.0
Zarrathuztra,bdh008,1443509879.0
ikonane,bdh008,1443509879.0
I-am-Super-Serial,bdh008,1443509879.0
Superdude234,bdh008,1443509879.0
Eptiness,bdh008,1443509879.0
,bdh008,1443509879.0
WahWaaah,bdh008,1443509879.0
trolle,bdh008,1443509879.0
mohammedgoldstein,bdh008,1443509879.0
jvgkaty44,thebindi,1443509879.0
caryllll,jvgkaty44,1443506029.0
doesntshoweroften,jvgkaty44,1443506049.0
mydarkmeatrises,jvgkaty44,1443521475.0
QuickDontThink,caryllll,1443506563.0
QuickDontThink,doesntshoweroften,1443506568.0
caryllll,QuickDontThink,1443507103.0
doesntshoweroften,QuickDontThink,1443508941.0
_MUY,Cmdr_Salamander,1443509879.0
,_MUY,1443510532.0
DankDarko,,1443512452.0
_MUY,,1443513488.0
,_MUY,1443520951.0
_MUY,,1443543339.0
,Cmdr_Salamander,1443509879.0
AKC-Colourization,,1443512658.0
NCH_PANTHER,Cmdr_Salamander,1443509879.0
lucasvb,NCH_PANTHER,1443509181.0
NCH_PANTHER,lucasvb,1443510760.0
altafullahu,lucasvb,1443530461.0
fungalduck,Cmdr_Salamander,1443509879.0
fr00d,Cmdr_Salamander,1443509879.0
lowflyingmonkey,fr00d,1443506821.0
letsgetdisco,fr00d,1443518823.0
maz-o,lowflyingmonkey,1443511255.0
bobthedanger,maz-o,1443520829.0
alsorobots,HardHarry,1443509879.0
ReachingHorizons,alsorobots,1443500166.0
candacebernhard,alsorobots,1443502847.0
backFromTheBed,alsorobots,1443523974.0
spacegod2112,alsorobots,1443510004.0
popokangaroo,ReachingHorizons,1443504001.0
alsorobots,backFromTheBed,1443590894.0
TurboChewy,popokangaroo,1443506050.0
FuckIt_FineillJoin,popokangaroo,1443505631.0
backFromTheBed,alsorobots,1443593151.0
alsorobots,FuckIt_FineillJoin,1443508056.0
caryllll,,1443509879.0
swagless,RoseWWalker,1443509879.0
EzraPounding,swagless,1443496776.0
TheRabidDeer,EzraPounding,1443501067.0
,EzraPounding,1443502932.0
Beat9,EzraPounding,1443501354.0
EzraPounding,TheRabidDeer,1443501317.0
Dreamchime,TheRabidDeer,1443501847.0
Nobody_is_on_reddit,TheRabidDeer,1443501755.0
DisturbedForever92,,1443505403.0
EffingTheIneffable,,1443505552.0
spacegod2112,,1443509872.0
EzraPounding,Beat9,1443501671.0
Emperor_of_Cats,EzraPounding,1443511527.0
TheRabidDeer,Dreamchime,1443501908.0
Menospan,Nobody_is_on_reddit,1443502448.0
lejefferson,DisturbedForever92,1443515226.0
,DisturbedForever92,1443506116.0
shizzler,DisturbedForever92,1443512685.0
,EffingTheIneffable,1443506123.0
Dreamchime,TheRabidDeer,1443501983.0
LaboratoryOne,Menospan,1443504902.0
DisturbedForever92,,1443506553.0
EffingTheIneffable,,1443507092.0
,EffingTheIneffable,1443507816.0
EffingTheIneffable,,1443508581.0
Athrul,RoseWWalker,1443509879.0
asleeplessmalice,RoseWWalker,1443509879.0
,boundthree,1443509879.0
christballs,,1443501624.0
mattintaiwan,,1443501885.0
boundthree,,1443545211.0
thairussox,christballs,1443502123.0
K5cents,christballs,1443532599.0
K5cents,boundthree,1443546594.0
christballs,thairussox,1443502443.0
LaboratoryOne,christballs,1443504978.0
,boundthree,1443509879.0
,,1443507544.0
TangleF23,,1443525203.0
,,1443556055.0
,,1443556368.0
,,1443556982.0
,,1443557357.0
-Badger2-,boundthree,1443509879.0
speedy_delivery,boundthree,1443509879.0
,boundthree,1443509879.0
skepticallygullible,,1443499320.0
,skepticallygullible,1443510352.0
TangleF23,,1443525166.0
,,1443543742.0
,TangleF23,1443543845.0
,,1443544167.0
Quarter_Twenty,JIB_BUTKISS,1443509879.0
RedPillProphet,JIB_BUTKISS,1443509879.0
,RedPillProphet,1443503047.0
squonge,RedPillProphet,1443506531.0
Reddumbdancy,RedPillProphet,1443509803.0
BlooFlea,JIB_BUTKISS,1443509879.0
DrawBartDraw,JIB_BUTKISS,1443509879.0
JIB_BUTKISS,DrawBartDraw,1443553652.0
DrawBartDraw,JIB_BUTKISS,1443553913.0
3lementaru,JIB_BUTKISS,1443509879.0
,3lementaru,1443507232.0
temalyen,JIB_BUTKISS,1443509879.0
Ziaheart,xiape,1443509879.0
,xiape,1443509879.0
puckslut,The_Revolutionary,1443509879.0
thairussox,puckslut,1443502227.0
EffingTheIneffable,puckslut,1443505761.0
dryarmor,puckslut,1443531379.0
jm7x,AbsoluteZeroK,1443509879.0
EffingTheIneffable,Odiepa33,1443509879.0
,EffingTheIneffable,1443518209.0
doggiebowlracecarcat,Chonkie,1443509879.0
UnibannedY,saraboulos,1443509879.0
thairussox,saraboulos,1443509879.0
saraboulos,thairussox,1443503231.0
DrawBartDraw,erbi,1443509879.0
Im__Bruce_Wayne__AMA,Steady_P,1443509879.0
cryo,PoopyTitties,1443509879.0
,steven938,1443509879.0
UltimateReigos,,1443535370.0
pro_magnum,UltimateReigos,1443540939.0
pro_magnum,allefforts,1443509879.0
,,1443509879.0
,,1443637322.0
,cwags812,1443509879.0
cwags812,,1443550894.0
DrawBartDraw,attorney_steve,1443509879.0
Im__Bruce_Wayne__AMA,MageeDisease,1443509879.0
Jedekai,Im__Bruce_Wayne__AMA,1443545719.0
Im__Bruce_Wayne__AMA,Jedekai,1443546036.0
Jedekai,Im__Bruce_Wayne__AMA,1443547425.0
phamous_t,blacksun_redux,1443509879.0
blacksun_redux,phamous_t,1443512838.0
DrawBartDraw,Noremac921,1443509879.0
UNCLOS,,1443509879.0
assjuice666,MyFreeGoblin,1443509879.0
MyFreeGoblin,assjuice666,1443530002.0
Im__Bruce_Wayne__AMA,heyitsmeagain03,1443509879.0
,,1443509879.0
frekinghell,,1443509879.0
,smckl,1443509879.0
helllrelll,,1443498914.0
paperbx,,1443514660.0
kevie3drinks,,1443531893.0
braintrustinc,helllrelll,1443499722.0
HighGradeSpecialist,helllrelll,1443501415.0
SpacecraftX,helllrelll,1443565064.0
,helllrelll,1443568684.0
Bobthemurderer,helllrelll,1443501812.0
ReversePeristalsis,helllrelll,1443505722.0
IronMan64,helllrelll,1443512332.0
felipcai,helllrelll,1443515128.0
TheOven,helllrelll,1443525042.0
Spawnacus,helllrelll,1443527280.0
fpsmoto,helllrelll,1443501671.0
balfazahr,helllrelll,1443501635.0
xScott18x,helllrelll,1443534444.0
theredcheck,braintrustinc,1443500976.0
dalr3th1n,braintrustinc,1443502671.0
darklatrans,braintrustinc,1443500854.0
JoyJoy_,braintrustinc,1443500485.0
SpacecraftX,HighGradeSpecialist,1443565161.0
anapollosun,theredcheck,1443501994.0
,theredcheck,1443503367.0
Nobody_is_on_reddit,darklatrans,1443501567.0
Gazz1016,darklatrans,1443500922.0
HighGradeSpecialist,SpacecraftX,1443570171.0
derekandroid,anapollosun,1443502870.0
,anapollosun,1443502999.0
Brunky89890,anapollosun,1443503150.0
ASK_ABOUT_SUBSPACE,Nobody_is_on_reddit,1443501878.0
NoGoodNamesAvailable,Gazz1016,1443501043.0
,derekandroid,1443503437.0
scitech2100,derekandroid,1443506602.0
DEATHbyBOOGABOOGA,derekandroid,1443533326.0
anapollosun,,1443506767.0
anapollosun,Brunky89890,1443506880.0
Zolo49,ASK_ABOUT_SUBSPACE,1443502910.0
Hereforthefreecake,,1443503729.0
ThisIsJustSenseless,,1443504286.0
,,1443532147.0
BearguanaMan,,1443503735.0
Thegreedygringo,,1443505474.0
,,1443506388.0
Lifea,,1443514345.0
Barrister_Ryan,scitech2100,1443529460.0
Dad_Jokes_Incoming,anapollosun,1443507004.0
Mernerak,Zolo49,1443503384.0
,Hereforthefreecake,1443507472.0
PeperAndSoltIt,Hereforthefreecake,1443508596.0
temalyen,ThisIsJustSenseless,1443505196.0
,ThisIsJustSenseless,1443509355.0
FriedRiceIsYummy,ThisIsJustSenseless,1443520811.0
SenorPantySlayer,ThisIsJustSenseless,1443526204.0
-Forest_Gump-,ThisIsJustSenseless,1443529179.0
DiggerW,Lifea,1443576175.0
GIFtoGasm,Barrister_Ryan,1443531786.0
anapollosun,Dad_Jokes_Incoming,1443507255.0
Bombadjedi,Mernerak,1443506653.0
Good_Orc,,1443511630.0
atomic1fire,temalyen,1443506117.0
Lifea,DiggerW,1443578747.0
t3hnhoj,atomic1fire,1443521315.0
ImGonnaBeInPictures,smckl,1443509879.0
nootrino,ImGonnaBeInPictures,1443501041.0
agentfooly,nootrino,1443503680.0
Vidyogamasta,agentfooly,1443506300.0
shiftius,Vidyogamasta,1443511998.0
Dokpsy,Vidyogamasta,1443530025.0
McBurger,Vidyogamasta,1443532567.0
Creepy_Shakespeare,smckl,1443509879.0
labiaflutteringby,Creepy_Shakespeare,1443502385.0
smckl,labiaflutteringby,1443534936.0
spideyjiri,smckl,1443509879.0
Aaabeduation,spideyjiri,1443514471.0
MlCKJAGGER,smckl,1443509879.0
imhigherthanyou,smckl,1443509879.0
OhThatsHowItsGonnabe,smckl,1443509879.0
Whapow,OhThatsHowItsGonnabe,1443543004.0
PandaBearShenyu,smckl,1443509879.0
Waveseeker,smckl,1443509879.0
Justkevin87,smckl,1443509879.0
Panaphobe,smckl,1443509879.0
Darth_Yohanan,smckl,1443509879.0
jakichan77,smckl,1443509879.0
Channe1,smckl,1443509879.0
wiiya,smckl,1443509879.0
whatwronginthemind,wiiya,1443500628.0
kaylashmayla,whatwronginthemind,1443501666.0
shootdawhoop99,whatwronginthemind,1443501384.0
scharfes_S,whatwronginthemind,1443501388.0
BlackLav,kaylashmayla,1443502647.0
kaylashmayla,BlackLav,1443503092.0
BuschMaster_J,smckl,1443509879.0
saysthingsbackwards,smckl,1443509879.0
Rhacbe,smckl,1443509879.0
albatr0xx,Rhacbe,1443536970.0
PsyNami,smckl,1443509879.0
circuitcycle,420inthe808,1443509879.0
,circuitcycle,1443528387.0
cracker4uok,,1443536608.0
MercuryIsle,Shat_on_a_turtle,1443509879.0
,Shat_on_a_turtle,1443509879.0
enemawatson,Scionstorms,1443509879.0
ah64a,fullforce098,1443509879.0
ContentiousRage,fullforce098,1443509879.0
quimbymcwawaa,fullforce098,1443509879.0
jigglefest2,Bill_Nye_Approves,1443509879.0
thairussox,jigglefest2,1443501936.0
caryllll,thairussox,1443504932.0
temalyen,caryllll,1443505282.0
YUGE_DICK_MCGEEE,temalyen,1443506709.0
RnRaintnoisepolution,YUGE_DICK_MCGEEE,1443507538.0
Dracunos,YUGE_DICK_MCGEEE,1443531112.0
,RnRaintnoisepolution,1443510953.0
Etonet,Bill_Nye_Approves,1443509879.0
,Etonet,1443504087.0
LaboratoryOne,,1443504729.0
caryllll,LaboratoryOne,1443505062.0
corobo,LaboratoryOne,1443514838.0
ResolverOshawott,corobo,1443520308.0
corobo,ResolverOshawott,1443521305.0
ResolverOshawott,corobo,1443527991.0
Nobody_is_on_reddit,DinoStak,1443509879.0
Vox_Imperatoris,Nobody_is_on_reddit,1443502698.0
100_Tacos,Vox_Imperatoris,1443503174.0
PurpleBullets,100_Tacos,1443507523.0
ranciddan,100_Tacos,1443506739.0
100_Tacos,PurpleBullets,1443508518.0
100_Tacos,ranciddan,1443508493.0
sonny_sailor,DinoStak,1443509879.0
Synsane,bzidd420,1443509879.0
WasayZ,,1443509879.0
Fawkz,WasayZ,1443501239.0
dryerlintcompelsyou,Fawkz,1443501860.0
Fortunatelyluckyy,dryerlintcompelsyou,1443503086.0
IWriteWhenImUp,Fortunatelyluckyy,1443503747.0
EruptingVagina,Fortunatelyluckyy,1443504008.0
ImaginarySpider,Fortunatelyluckyy,1443503658.0
Cansifilayeds,IWriteWhenImUp,1443512471.0
IceSeeYou,EruptingVagina,1443507626.0
,,1443509879.0
charlestonchewing,,1443541785.0
,,1443509879.0
,King_Tryndamere,1443509879.0
King_Tryndamere,,1443510757.0
catzhoek,King_Tryndamere,1443524904.0
lance30038,MontePylon,1443509879.0
truwarier14,lance30038,1443505832.0
MyMetaUsername,truwarier14,1443511625.0
rootb33r,MyMetaUsername,1443518391.0
sennesennesenne,rootb33r,1443523787.0
StoneTheKrow,sennesennesenne,1443531829.0
HowDoYouDo87,sennesennesenne,1443536464.0
DrawBartDraw,sennesennesenne,1443532788.0
PizzaNietzsche,DrawBartDraw,1443544915.0
brfrozen,DrawBartDraw,1443542921.0
DrawBartDraw,PizzaNietzsche,1443545527.0
PizzaNietzsche,DrawBartDraw,1443552735.0
DrawBartDraw,PizzaNietzsche,1443553819.0
PizzaNietzsche,DrawBartDraw,1443557595.0
DrawBartDraw,PizzaNietzsche,1443559833.0
PizzaNietzsche,DrawBartDraw,1443560044.0
shannister,MontePylon,1443509879.0
DownvotesAdminPosts,MontePylon,1443509879.0
Zarlon,DownvotesAdminPosts,1443530348.0
The_Bald,MontePylon,1443509879.0
Absay,sennesennesenne,1443509879.0
,Absay,1443510437.0
thegg99,,1443533942.0
Ebu-Gogo,sennesennesenne,1443509879.0
ApprenticeTheNoob,sennesennesenne,1443509879.0
stevo1078,,1443509879.0
it-was-me-barry-,iamapapernapkinAMA,1443509879.0
FunnyBunny01,iamapapernapkinAMA,1443509879.0
wonderful_wonton,iamapapernapkinAMA,1443509879.0
Treshor,iamapapernapkinAMA,1443509879.0
_under_,iamapapernapkinAMA,1443509879.0
Zentopian,Cintax,1443509879.0
justmefishes,Zentopian,1443502409.0
budee126,Zentopian,1443505055.0
BiteYourOwnTongue,Zentopian,1443529823.0
SekondaH,justmefishes,1443502540.0
,justmefishes,1443502563.0
sobercontrol,justmefishes,1443502781.0
NSA-SURVEILLANCE,justmefishes,1443503444.0
Paddy_Tanninger,justmefishes,1443505685.0
edit__police,justmefishes,1443507297.0
BoltActionPiano,justmefishes,1443527461.0
kevie3drinks,justmefishes,1443532079.0
Zentopian,justmefishes,1443503809.0
blueberrywine,SekondaH,1443504359.0
findergrrr,,1443504006.0
nkorslund,,1443509085.0
trillogy_,,1443503752.0
LemLuthor,,1443508249.0
monkeyfetus,,1443508329.0
Stendarpaval,,1443523713.0
caryllll,findergrrr,1443505852.0
Katamariguy,findergrrr,1443528302.0
Oknight,findergrrr,1443529465.0
RatchetMoney,trillogy_,1443510416.0
CrazyPurpleBacon,trillogy_,1443528974.0
Pokerhobo,trillogy_,1443508150.0
findergrrr,Katamariguy,1443528696.0
JV08,Cintax,1443509879.0
Cintax,JV08,1443501890.0
JV08,Cintax,1443512571.0
lhedn,Cintax,1443509879.0
momm3,Cintax,1443509879.0
kingfrogbe,CampingForGoals,1443509879.0
temalyen,kingfrogbe,1443505465.0
RalphWaldoNeverson,kingfrogbe,1443539433.0
,CampingForGoals,1443509879.0
,,1443502603.0
tinmart56,,1443508107.0
,tinmart56,1443541520.0
PanaceaIV,CampingForGoals,1443509879.0
Agent_545,CampingForGoals,1443509879.0
gemini86,AwesomeTeacher,1443509879.0
michael1026,gemini86,1443502087.0
K1dn3yPunch,gemini86,1443516198.0
VortixTM,michael1026,1443502580.0
pigi5,michael1026,1443502892.0
chuby1tubby,AwesomeTeacher,1443509879.0
dnamery22,AwesomeTeacher,1443509879.0
Sgeo,AwesomeTeacher,1443509879.0
AwesomeTeacher,Sgeo,1443558004.0
caryllll,jvgkaty44,1443509879.0
QuickDontThink,caryllll,1443506563.0
caryllll,QuickDontThink,1443507103.0
doesntshoweroften,jvgkaty44,1443509879.0
QuickDontThink,doesntshoweroften,1443506568.0
doesntshoweroften,QuickDontThink,1443508941.0
mydarkmeatrises,jvgkaty44,1443509879.0
,_MUY,1443509879.0
DankDarko,,1443512452.0
_MUY,,1443513488.0
,_MUY,1443520951.0
_MUY,,1443543339.0
AKC-Colourization,,1443509879.0
lucasvb,NCH_PANTHER,1443509879.0
NCH_PANTHER,lucasvb,1443510760.0
altafullahu,lucasvb,1443530461.0
lowflyingmonkey,fr00d,1443509879.0
maz-o,lowflyingmonkey,1443511255.0
bobthedanger,maz-o,1443520829.0
letsgetdisco,fr00d,1443509879.0
ReachingHorizons,alsorobots,1443509879.0
popokangaroo,ReachingHorizons,1443504001.0
TurboChewy,popokangaroo,1443506050.0
FuckIt_FineillJoin,popokangaroo,1443505631.0
alsorobots,FuckIt_FineillJoin,1443508056.0
candacebernhard,alsorobots,1443509879.0
backFromTheBed,alsorobots,1443509879.0
alsorobots,backFromTheBed,1443590894.0
backFromTheBed,alsorobots,1443593151.0
spacegod2112,alsorobots,1443509879.0
EzraPounding,swagless,1443509879.0
TheRabidDeer,EzraPounding,1443501067.0
,EzraPounding,1443502932.0
Beat9,EzraPounding,1443501354.0
EzraPounding,TheRabidDeer,1443501317.0
Dreamchime,TheRabidDeer,1443501847.0
Nobody_is_on_reddit,TheRabidDeer,1443501755.0
DisturbedForever92,,1443505403.0
EffingTheIneffable,,1443505552.0
spacegod2112,,1443509872.0
EzraPounding,Beat9,1443501671.0
Emperor_of_Cats,EzraPounding,1443511527.0
TheRabidDeer,Dreamchime,1443501908.0
Menospan,Nobody_is_on_reddit,1443502448.0
lejefferson,DisturbedForever92,1443515226.0
,DisturbedForever92,1443506116.0
shizzler,DisturbedForever92,1443512685.0
,EffingTheIneffable,1443506123.0
Dreamchime,TheRabidDeer,1443501983.0
LaboratoryOne,Menospan,1443504902.0
DisturbedForever92,,1443506553.0
EffingTheIneffable,,1443507092.0
,EffingTheIneffable,1443507816.0
EffingTheIneffable,,1443508581.0
christballs,,1443509879.0
thairussox,christballs,1443502123.0
K5cents,christballs,1443532599.0
christballs,thairussox,1443502443.0
LaboratoryOne,christballs,1443504978.0
mattintaiwan,,1443509879.0
boundthree,,1443509879.0
K5cents,boundthree,1443546594.0
,,1443509879.0
TangleF23,,1443525203.0
,,1443556055.0
,,1443556368.0
,,1443556982.0
,,1443557357.0
skepticallygullible,,1443509879.0
,skepticallygullible,1443510352.0
TangleF23,,1443525166.0
,,1443543742.0
,TangleF23,1443543845.0
,,1443544167.0
,RedPillProphet,1443509879.0
squonge,RedPillProphet,1443509879.0
Reddumbdancy,RedPillProphet,1443509879.0
JIB_BUTKISS,DrawBartDraw,1443509879.0
DrawBartDraw,JIB_BUTKISS,1443553913.0
,3lementaru,1443509879.0
thairussox,puckslut,1443509879.0
EffingTheIneffable,puckslut,1443509879.0
dryarmor,puckslut,1443509879.0
,EffingTheIneffable,1443509879.0
saraboulos,thairussox,1443509879.0
UltimateReigos,,1443509879.0
pro_magnum,UltimateReigos,1443540939.0
,,1443509879.0
cwags812,,1443509879.0
Jedekai,Im__Bruce_Wayne__AMA,1443509879.0
Im__Bruce_Wayne__AMA,Jedekai,1443546036.0
Jedekai,Im__Bruce_Wayne__AMA,1443547425.0
blacksun_redux,phamous_t,1443509879.0
MyFreeGoblin,assjuice666,1443509879.0
helllrelll,,1443509879.0
braintrustinc,helllrelll,1443499722.0
HighGradeSpecialist,helllrelll,1443501415.0
SpacecraftX,helllrelll,1443565064.0
,helllrelll,1443568684.0
Bobthemurderer,helllrelll,1443501812.0
ReversePeristalsis,helllrelll,1443505722.0
IronMan64,helllrelll,1443512332.0
felipcai,helllrelll,1443515128.0
TheOven,helllrelll,1443525042.0
Spawnacus,helllrelll,1443527280.0
fpsmoto,helllrelll,1443501671.0
balfazahr,helllrelll,1443501635.0
xScott18x,helllrelll,1443534444.0
theredcheck,braintrustinc,1443500976.0
dalr3th1n,braintrustinc,1443502671.0
darklatrans,braintrustinc,1443500854.0
JoyJoy_,braintrustinc,1443500485.0
SpacecraftX,HighGradeSpecialist,1443565161.0
anapollosun,theredcheck,1443501994.0
,theredcheck,1443503367.0
Nobody_is_on_reddit,darklatrans,1443501567.0
Gazz1016,darklatrans,1443500922.0
HighGradeSpecialist,SpacecraftX,1443570171.0
derekandroid,anapollosun,1443502870.0
,anapollosun,1443502999.0
Brunky89890,anapollosun,1443503150.0
ASK_ABOUT_SUBSPACE,Nobody_is_on_reddit,1443501878.0
NoGoodNamesAvailable,Gazz1016,1443501043.0
,derekandroid,1443503437.0
scitech2100,derekandroid,1443506602.0
DEATHbyBOOGABOOGA,derekandroid,1443533326.0
anapollosun,,1443506767.0
anapollosun,Brunky89890,1443506880.0
Zolo49,ASK_ABOUT_SUBSPACE,1443502910.0
Hereforthefreecake,,1443503729.0
ThisIsJustSenseless,,1443504286.0
,,1443532147.0
BearguanaMan,,1443503735.0
Thegreedygringo,,1443505474.0
,,1443506388.0
Lifea,,1443514345.0
Barrister_Ryan,scitech2100,1443529460.0
Dad_Jokes_Incoming,anapollosun,1443507004.0
Mernerak,Zolo49,1443503384.0
,Hereforthefreecake,1443507472.0
PeperAndSoltIt,Hereforthefreecake,1443508596.0
temalyen,ThisIsJustSenseless,1443505196.0
,ThisIsJustSenseless,1443509355.0
FriedRiceIsYummy,ThisIsJustSenseless,1443520811.0
SenorPantySlayer,ThisIsJustSenseless,1443526204.0
-Forest_Gump-,ThisIsJustSenseless,1443529179.0
DiggerW,Lifea,1443576175.0
GIFtoGasm,Barrister_Ryan,1443531786.0
anapollosun,Dad_Jokes_Incoming,1443507255.0
Bombadjedi,Mernerak,1443506653.0
Good_Orc,,1443511630.0
atomic1fire,temalyen,1443506117.0
Lifea,DiggerW,1443578747.0
t3hnhoj,atomic1fire,1443521315.0
paperbx,,1443509879.0
kevie3drinks,,1443509879.0
nootrino,ImGonnaBeInPictures,1443509879.0
agentfooly,nootrino,1443503680.0
Vidyogamasta,agentfooly,1443506300.0
shiftius,Vidyogamasta,1443511998.0
Dokpsy,Vidyogamasta,1443530025.0
McBurger,Vidyogamasta,1443532567.0
labiaflutteringby,Creepy_Shakespeare,1443509879.0
smckl,labiaflutteringby,1443534936.0
Aaabeduation,spideyjiri,1443509879.0
Whapow,OhThatsHowItsGonnabe,1443509879.0
whatwronginthemind,wiiya,1443509879.0
kaylashmayla,whatwronginthemind,1443501666.0
shootdawhoop99,whatwronginthemind,1443501384.0
scharfes_S,whatwronginthemind,1443501388.0
BlackLav,kaylashmayla,1443502647.0
kaylashmayla,BlackLav,1443503092.0
albatr0xx,Rhacbe,1443509879.0
,circuitcycle,1443509879.0
cracker4uok,,1443536608.0
thairussox,jigglefest2,1443509879.0
caryllll,thairussox,1443504932.0
temalyen,caryllll,1443505282.0
YUGE_DICK_MCGEEE,temalyen,1443506709.0
RnRaintnoisepolution,YUGE_DICK_MCGEEE,1443507538.0
Dracunos,YUGE_DICK_MCGEEE,1443531112.0
,RnRaintnoisepolution,1443510953.0
,Etonet,1443509879.0
LaboratoryOne,,1443504729.0
caryllll,LaboratoryOne,1443505062.0
corobo,LaboratoryOne,1443514838.0
ResolverOshawott,corobo,1443520308.0
corobo,ResolverOshawott,1443521305.0
ResolverOshawott,corobo,1443527991.0
Vox_Imperatoris,Nobody_is_on_reddit,1443509879.0
100_Tacos,Vox_Imperatoris,1443503174.0
PurpleBullets,100_Tacos,1443507523.0
ranciddan,100_Tacos,1443506739.0
100_Tacos,PurpleBullets,1443508518.0
100_Tacos,ranciddan,1443508493.0
Fawkz,WasayZ,1443509879.0
dryerlintcompelsyou,Fawkz,1443501860.0
Fortunatelyluckyy,dryerlintcompelsyou,1443503086.0
IWriteWhenImUp,Fortunatelyluckyy,1443503747.0
EruptingVagina,Fortunatelyluckyy,1443504008.0
ImaginarySpider,Fortunatelyluckyy,1443503658.0
Cansifilayeds,IWriteWhenImUp,1443512471.0
IceSeeYou,EruptingVagina,1443507626.0
charlestonchewing,,1443509879.0
King_Tryndamere,,1443509879.0
catzhoek,King_Tryndamere,1443524904.0
truwarier14,lance30038,1443509879.0
MyMetaUsername,truwarier14,1443511625.0
rootb33r,MyMetaUsername,1443518391.0
sennesennesenne,rootb33r,1443523787.0
StoneTheKrow,sennesennesenne,1443531829.0
HowDoYouDo87,sennesennesenne,1443536464.0
DrawBartDraw,sennesennesenne,1443532788.0
PizzaNietzsche,DrawBartDraw,1443544915.0
brfrozen,DrawBartDraw,1443542921.0
DrawBartDraw,PizzaNietzsche,1443545527.0
PizzaNietzsche,DrawBartDraw,1443552735.0
DrawBartDraw,PizzaNietzsche,1443553819.0
PizzaNietzsche,DrawBartDraw,1443557595.0
DrawBartDraw,PizzaNietzsche,1443559833.0
PizzaNietzsche,DrawBartDraw,1443560044.0
Zarlon,DownvotesAdminPosts,1443509879.0
,Absay,1443509879.0
thegg99,,1443533942.0
justmefishes,Zentopian,1443509879.0
SekondaH,justmefishes,1443502540.0
,justmefishes,1443502563.0
sobercontrol,justmefishes,1443502781.0
NSA-SURVEILLANCE,justmefishes,1443503444.0
Paddy_Tanninger,justmefishes,1443505685.0
edit__police,justmefishes,1443507297.0
BoltActionPiano,justmefishes,1443527461.0
kevie3drinks,justmefishes,1443532079.0
Zentopian,justmefishes,1443503809.0
blueberrywine,SekondaH,1443504359.0
findergrrr,,1443504006.0
nkorslund,,1443509085.0
trillogy_,,1443503752.0
LemLuthor,,1443508249.0
monkeyfetus,,1443508329.0
Stendarpaval,,1443523713.0
caryllll,findergrrr,1443505852.0
Katamariguy,findergrrr,1443528302.0
Oknight,findergrrr,1443529465.0
RatchetMoney,trillogy_,1443510416.0
CrazyPurpleBacon,trillogy_,1443528974.0
Pokerhobo,trillogy_,1443508150.0
findergrrr,Katamariguy,1443528696.0
budee126,Zentopian,1443509879.0
BiteYourOwnTongue,Zentopian,1443509879.0
Cintax,JV08,1443509879.0
JV08,Cintax,1443512571.0
temalyen,kingfrogbe,1443509879.0
RalphWaldoNeverson,kingfrogbe,1443509879.0
,,1443509879.0
tinmart56,,1443508107.0
,tinmart56,1443541520.0
michael1026,gemini86,1443509879.0
VortixTM,michael1026,1443502580.0
pigi5,michael1026,1443502892.0
K1dn3yPunch,gemini86,1443509879.0
AwesomeTeacher,Sgeo,1443509879.0
QuickDontThink,caryllll,1443509879.0
caryllll,QuickDontThink,1443507103.0
QuickDontThink,doesntshoweroften,1443509879.0
doesntshoweroften,QuickDontThink,1443508941.0
DankDarko,,1443509879.0
_MUY,,1443509879.0
,_MUY,1443520951.0
_MUY,,1443543339.0
NCH_PANTHER,lucasvb,1443509879.0
altafullahu,lucasvb,1443509879.0
maz-o,lowflyingmonkey,1443509879.0
bobthedanger,maz-o,1443520829.0
popokangaroo,ReachingHorizons,1443509879.0
TurboChewy,popokangaroo,1443506050.0
FuckIt_FineillJoin,popokangaroo,1443505631.0
alsorobots,FuckIt_FineillJoin,1443508056.0
alsorobots,backFromTheBed,1443509879.0
backFromTheBed,alsorobots,1443593151.0
TheRabidDeer,EzraPounding,1443509879.0
EzraPounding,TheRabidDeer,1443501317.0
Dreamchime,TheRabidDeer,1443501847.0
Nobody_is_on_reddit,TheRabidDeer,1443501755.0
Emperor_of_Cats,EzraPounding,1443511527.0
TheRabidDeer,Dreamchime,1443501908.0
Menospan,Nobody_is_on_reddit,1443502448.0
Dreamchime,TheRabidDeer,1443501983.0
LaboratoryOne,Menospan,1443504902.0
,EzraPounding,1443509879.0
DisturbedForever92,,1443505403.0
EffingTheIneffable,,1443505552.0
spacegod2112,,1443509872.0
lejefferson,DisturbedForever92,1443515226.0
,DisturbedForever92,1443506116.0
shizzler,DisturbedForever92,1443512685.0
,EffingTheIneffable,1443506123.0
DisturbedForever92,,1443506553.0
EffingTheIneffable,,1443507092.0
,EffingTheIneffable,1443507816.0
EffingTheIneffable,,1443508581.0
Beat9,EzraPounding,1443509879.0
EzraPounding,Beat9,1443501671.0
thairussox,christballs,1443509879.0
christballs,thairussox,1443502443.0
LaboratoryOne,christballs,1443504978.0
K5cents,christballs,1443509879.0
K5cents,boundthree,1443509879.0
TangleF23,,1443509879.0
,,1443509879.0
,,1443556368.0
,,1443556982.0
,,1443557357.0
,skepticallygullible,1443509879.0
TangleF23,,1443525166.0
,,1443543742.0
,TangleF23,1443543845.0
,,1443544167.0
DrawBartDraw,JIB_BUTKISS,1443509879.0
pro_magnum,UltimateReigos,1443509879.0
Im__Bruce_Wayne__AMA,Jedekai,1443509879.0
Jedekai,Im__Bruce_Wayne__AMA,1443547425.0
braintrustinc,helllrelll,1443509879.0
theredcheck,braintrustinc,1443500976.0
dalr3th1n,braintrustinc,1443502671.0
darklatrans,braintrustinc,1443500854.0
JoyJoy_,braintrustinc,1443500485.0
anapollosun,theredcheck,1443501994.0
,theredcheck,1443503367.0
Nobody_is_on_reddit,darklatrans,1443501567.0
Gazz1016,darklatrans,1443500922.0
derekandroid,anapollosun,1443502870.0
,anapollosun,1443502999.0
Brunky89890,anapollosun,1443503150.0
ASK_ABOUT_SUBSPACE,Nobody_is_on_reddit,1443501878.0
NoGoodNamesAvailable,Gazz1016,1443501043.0
,derekandroid,1443503437.0
scitech2100,derekandroid,1443506602.0
DEATHbyBOOGABOOGA,derekandroid,1443533326.0
anapollosun,,1443506767.0
anapollosun,Brunky89890,1443506880.0
Zolo49,ASK_ABOUT_SUBSPACE,1443502910.0
Hereforthefreecake,,1443503729.0
ThisIsJustSenseless,,1443504286.0
,,1443532147.0
BearguanaMan,,1443503735.0
Thegreedygringo,,1443505474.0
,,1443506388.0
Lifea,,1443514345.0
Barrister_Ryan,scitech2100,1443529460.0
Dad_Jokes_Incoming,anapollosun,1443507004.0
Mernerak,Zolo49,1443503384.0
,Hereforthefreecake,1443507472.0
PeperAndSoltIt,Hereforthefreecake,1443508596.0
temalyen,ThisIsJustSenseless,1443505196.0
,ThisIsJustSenseless,1443509355.0
FriedRiceIsYummy,ThisIsJustSenseless,1443520811.0
SenorPantySlayer,ThisIsJustSenseless,1443526204.0
-Forest_Gump-,ThisIsJustSenseless,1443529179.0
DiggerW,Lifea,1443576175.0
GIFtoGasm,Barrister_Ryan,1443531786.0
anapollosun,Dad_Jokes_Incoming,1443507255.0
Bombadjedi,Mernerak,1443506653.0
Good_Orc,,1443511630.0
atomic1fire,temalyen,1443506117.0
Lifea,DiggerW,1443578747.0
t3hnhoj,atomic1fire,1443521315.0
HighGradeSpecialist,helllrelll,1443509879.0
SpacecraftX,HighGradeSpecialist,1443565161.0
HighGradeSpecialist,SpacecraftX,1443570171.0
SpacecraftX,helllrelll,1443509879.0
,helllrelll,1443509879.0
Bobthemurderer,helllrelll,1443509879.0
ReversePeristalsis,helllrelll,1443509879.0
IronMan64,helllrelll,1443509879.0
felipcai,helllrelll,1443509879.0
TheOven,helllrelll,1443509879.0
Spawnacus,helllrelll,1443509879.0
fpsmoto,helllrelll,1443509879.0
balfazahr,helllrelll,1443509879.0
xScott18x,helllrelll,1443509879.0
agentfooly,nootrino,1443509879.0
Vidyogamasta,agentfooly,1443506300.0
shiftius,Vidyogamasta,1443511998.0
Dokpsy,Vidyogamasta,1443530025.0
McBurger,Vidyogamasta,1443532567.0
smckl,labiaflutteringby,1443509879.0
kaylashmayla,whatwronginthemind,1443509879.0
BlackLav,kaylashmayla,1443502647.0
kaylashmayla,BlackLav,1443503092.0
shootdawhoop99,whatwronginthemind,1443509879.0
scharfes_S,whatwronginthemind,1443509879.0
cracker4uok,,1443509879.0
caryllll,thairussox,1443509879.0
temalyen,caryllll,1443505282.0
YUGE_DICK_MCGEEE,temalyen,1443506709.0
RnRaintnoisepolution,YUGE_DICK_MCGEEE,1443507538.0
Dracunos,YUGE_DICK_MCGEEE,1443531112.0
,RnRaintnoisepolution,1443510953.0
LaboratoryOne,,1443509879.0
caryllll,LaboratoryOne,1443505062.0
corobo,LaboratoryOne,1443514838.0
ResolverOshawott,corobo,1443520308.0
corobo,ResolverOshawott,1443521305.0
ResolverOshawott,corobo,1443527991.0
100_Tacos,Vox_Imperatoris,1443509879.0
PurpleBullets,100_Tacos,1443507523.0
ranciddan,100_Tacos,1443506739.0
100_Tacos,PurpleBullets,1443508518.0
100_Tacos,ranciddan,1443508493.0
dryerlintcompelsyou,Fawkz,1443509879.0
Fortunatelyluckyy,dryerlintcompelsyou,1443503086.0
IWriteWhenImUp,Fortunatelyluckyy,1443503747.0
EruptingVagina,Fortunatelyluckyy,1443504008.0
ImaginarySpider,Fortunatelyluckyy,1443503658.0
Cansifilayeds,IWriteWhenImUp,1443512471.0
IceSeeYou,EruptingVagina,1443507626.0
catzhoek,King_Tryndamere,1443509879.0
MyMetaUsername,truwarier14,1443509879.0
rootb33r,MyMetaUsername,1443518391.0
sennesennesenne,rootb33r,1443523787.0
StoneTheKrow,sennesennesenne,1443531829.0
HowDoYouDo87,sennesennesenne,1443536464.0
DrawBartDraw,sennesennesenne,1443532788.0
PizzaNietzsche,DrawBartDraw,1443544915.0
brfrozen,DrawBartDraw,1443542921.0
DrawBartDraw,PizzaNietzsche,1443545527.0
PizzaNietzsche,DrawBartDraw,1443552735.0
DrawBartDraw,PizzaNietzsche,1443553819.0
PizzaNietzsche,DrawBartDraw,1443557595.0
DrawBartDraw,PizzaNietzsche,1443559833.0
PizzaNietzsche,DrawBartDraw,1443560044.0
thegg99,,1443509879.0
SekondaH,justmefishes,1443509879.0
blueberrywine,SekondaH,1443504359.0
,justmefishes,1443509879.0
findergrrr,,1443504006.0
nkorslund,,1443509085.0
trillogy_,,1443503752.0
LemLuthor,,1443508249.0
monkeyfetus,,1443508329.0
Stendarpaval,,1443523713.0
caryllll,findergrrr,1443505852.0
Katamariguy,findergrrr,1443528302.0
Oknight,findergrrr,1443529465.0
RatchetMoney,trillogy_,1443510416.0
CrazyPurpleBacon,trillogy_,1443528974.0
Pokerhobo,trillogy_,1443508150.0
findergrrr,Katamariguy,1443528696.0
sobercontrol,justmefishes,1443509879.0
NSA-SURVEILLANCE,justmefishes,1443509879.0
Paddy_Tanninger,justmefishes,1443509879.0
edit__police,justmefishes,1443509879.0
BoltActionPiano,justmefishes,1443509879.0
kevie3drinks,justmefishes,1443509879.0
Zentopian,justmefishes,1443509879.0
JV08,Cintax,1443509879.0
tinmart56,,1443509879.0
,tinmart56,1443541520.0
VortixTM,michael1026,1443509879.0
pigi5,michael1026,1443509879.0
caryllll,QuickDontThink,1443509879.0
doesntshoweroften,QuickDontThink,1443509879.0
,_MUY,1443509879.0
_MUY,,1443543339.0
bobthedanger,maz-o,1443509879.0
TurboChewy,popokangaroo,1443509879.0
FuckIt_FineillJoin,popokangaroo,1443509879.0
alsorobots,FuckIt_FineillJoin,1443508056.0
backFromTheBed,alsorobots,1443509879.0
EzraPounding,TheRabidDeer,1443509879.0
Emperor_of_Cats,EzraPounding,1443511527.0
Dreamchime,TheRabidDeer,1443509879.0
TheRabidDeer,Dreamchime,1443501908.0
Dreamchime,TheRabidDeer,1443501983.0
Nobody_is_on_reddit,TheRabidDeer,1443509879.0
Menospan,Nobody_is_on_reddit,1443502448.0
LaboratoryOne,Menospan,1443504902.0
DisturbedForever92,,1443509879.0
lejefferson,DisturbedForever92,1443515226.0
,DisturbedForever92,1443506116.0
shizzler,DisturbedForever92,1443512685.0
DisturbedForever92,,1443506553.0
EffingTheIneffable,,1443509879.0
,EffingTheIneffable,1443506123.0
EffingTheIneffable,,1443507092.0
,EffingTheIneffable,1443507816.0
EffingTheIneffable,,1443508581.0
spacegod2112,,1443509879.0
EzraPounding,Beat9,1443509879.0
christballs,thairussox,1443509879.0
LaboratoryOne,christballs,1443504978.0
,,1443509879.0
,,1443556982.0
,,1443557357.0
TangleF23,,1443509879.0
,TangleF23,1443543845.0
,,1443509879.0
,,1443544167.0
Jedekai,Im__Bruce_Wayne__AMA,1443509879.0
theredcheck,braintrustinc,1443509879.0
anapollosun,theredcheck,1443501994.0
,theredcheck,1443503367.0
derekandroid,anapollosun,1443502870.0
,anapollosun,1443502999.0
Brunky89890,anapollosun,1443503150.0
,derekandroid,1443503437.0
scitech2100,derekandroid,1443506602.0
DEATHbyBOOGABOOGA,derekandroid,1443533326.0
anapollosun,,1443506767.0
anapollosun,Brunky89890,1443506880.0
Hereforthefreecake,,1443503729.0
ThisIsJustSenseless,,1443504286.0
,,1443532147.0
BearguanaMan,,1443503735.0
Thegreedygringo,,1443505474.0
,,1443506388.0
Lifea,,1443514345.0
Barrister_Ryan,scitech2100,1443529460.0
Dad_Jokes_Incoming,anapollosun,1443507004.0
,Hereforthefreecake,1443507472.0
PeperAndSoltIt,Hereforthefreecake,1443508596.0
temalyen,ThisIsJustSenseless,1443505196.0
,ThisIsJustSenseless,1443509355.0
FriedRiceIsYummy,ThisIsJustSenseless,1443520811.0
SenorPantySlayer,ThisIsJustSenseless,1443526204.0
-Forest_Gump-,ThisIsJustSenseless,1443529179.0
DiggerW,Lifea,1443576175.0
GIFtoGasm,Barrister_Ryan,1443531786.0
anapollosun,Dad_Jokes_Incoming,1443507255.0
Good_Orc,,1443511630.0
atomic1fire,temalyen,1443506117.0
Lifea,DiggerW,1443578747.0
t3hnhoj,atomic1fire,1443521315.0
dalr3th1n,braintrustinc,1443509879.0
darklatrans,braintrustinc,1443509879.0
Nobody_is_on_reddit,darklatrans,1443501567.0
Gazz1016,darklatrans,1443500922.0
ASK_ABOUT_SUBSPACE,Nobody_is_on_reddit,1443501878.0
NoGoodNamesAvailable,Gazz1016,1443501043.0
Zolo49,ASK_ABOUT_SUBSPACE,1443502910.0
Mernerak,Zolo49,1443503384.0
Bombadjedi,Mernerak,1443506653.0
JoyJoy_,braintrustinc,1443509879.0
SpacecraftX,HighGradeSpecialist,1443509879.0
HighGradeSpecialist,SpacecraftX,1443570171.0
Vidyogamasta,agentfooly,1443509879.0
shiftius,Vidyogamasta,1443511998.0
Dokpsy,Vidyogamasta,1443530025.0
McBurger,Vidyogamasta,1443532567.0
BlackLav,kaylashmayla,1443509879.0
kaylashmayla,BlackLav,1443503092.0
temalyen,caryllll,1443509879.0
YUGE_DICK_MCGEEE,temalyen,1443506709.0
RnRaintnoisepolution,YUGE_DICK_MCGEEE,1443507538.0
Dracunos,YUGE_DICK_MCGEEE,1443531112.0
,RnRaintnoisepolution,1443510953.0
caryllll,LaboratoryOne,1443509879.0
corobo,LaboratoryOne,1443509879.0
ResolverOshawott,corobo,1443520308.0
corobo,ResolverOshawott,1443521305.0
ResolverOshawott,corobo,1443527991.0
PurpleBullets,100_Tacos,1443509879.0
100_Tacos,PurpleBullets,1443508518.0
ranciddan,100_Tacos,1443509879.0
100_Tacos,ranciddan,1443508493.0
Fortunatelyluckyy,dryerlintcompelsyou,1443509879.0
IWriteWhenImUp,Fortunatelyluckyy,1443503747.0
EruptingVagina,Fortunatelyluckyy,1443504008.0
ImaginarySpider,Fortunatelyluckyy,1443503658.0
Cansifilayeds,IWriteWhenImUp,1443512471.0
IceSeeYou,EruptingVagina,1443507626.0
rootb33r,MyMetaUsername,1443509879.0
sennesennesenne,rootb33r,1443523787.0
StoneTheKrow,sennesennesenne,1443531829.0
HowDoYouDo87,sennesennesenne,1443536464.0
DrawBartDraw,sennesennesenne,1443532788.0
PizzaNietzsche,DrawBartDraw,1443544915.0
brfrozen,DrawBartDraw,1443542921.0
DrawBartDraw,PizzaNietzsche,1443545527.0
PizzaNietzsche,DrawBartDraw,1443552735.0
DrawBartDraw,PizzaNietzsche,1443553819.0
PizzaNietzsche,DrawBartDraw,1443557595.0
DrawBartDraw,PizzaNietzsche,1443559833.0
PizzaNietzsche,DrawBartDraw,1443560044.0
blueberrywine,SekondaH,1443509879.0
findergrrr,,1443509879.0
caryllll,findergrrr,1443505852.0
Katamariguy,findergrrr,1443528302.0
Oknight,findergrrr,1443529465.0
findergrrr,Katamariguy,1443528696.0
nkorslund,,1443509879.0
trillogy_,,1443509879.0
RatchetMoney,trillogy_,1443510416.0
CrazyPurpleBacon,trillogy_,1443528974.0
Pokerhobo,trillogy_,1443508150.0
LemLuthor,,1443509879.0
monkeyfetus,,1443509879.0
Stendarpaval,,1443509879.0
,tinmart56,1443509879.0
_MUY,,1443509879.0
alsorobots,FuckIt_FineillJoin,1443509879.0
Emperor_of_Cats,EzraPounding,1443509879.0
TheRabidDeer,Dreamchime,1443509879.0
Dreamchime,TheRabidDeer,1443501983.0
Menospan,Nobody_is_on_reddit,1443509879.0
LaboratoryOne,Menospan,1443504902.0
lejefferson,DisturbedForever92,1443509879.0
,DisturbedForever92,1443509879.0
DisturbedForever92,,1443506553.0
shizzler,DisturbedForever92,1443509879.0
,EffingTheIneffable,1443509879.0
EffingTheIneffable,,1443507092.0
,EffingTheIneffable,1443507816.0
EffingTheIneffable,,1443508581.0
LaboratoryOne,christballs,1443509879.0
,,1443509879.0
,,1443557357.0
,TangleF23,1443509879.0
,,1443509879.0
anapollosun,theredcheck,1443509879.0
derekandroid,anapollosun,1443502870.0
,anapollosun,1443502999.0
Brunky89890,anapollosun,1443503150.0
,derekandroid,1443503437.0
scitech2100,derekandroid,1443506602.0
DEATHbyBOOGABOOGA,derekandroid,1443533326.0
anapollosun,,1443506767.0
anapollosun,Brunky89890,1443506880.0
Hereforthefreecake,,1443503729.0
ThisIsJustSenseless,,1443504286.0
,,1443532147.0
BearguanaMan,,1443503735.0
Thegreedygringo,,1443505474.0
,,1443506388.0
Lifea,,1443514345.0
Barrister_Ryan,scitech2100,1443529460.0
Dad_Jokes_Incoming,anapollosun,1443507004.0
,Hereforthefreecake,1443507472.0
PeperAndSoltIt,Hereforthefreecake,1443508596.0
temalyen,ThisIsJustSenseless,1443505196.0
,ThisIsJustSenseless,1443509355.0
FriedRiceIsYummy,ThisIsJustSenseless,1443520811.0
SenorPantySlayer,ThisIsJustSenseless,1443526204.0
-Forest_Gump-,ThisIsJustSenseless,1443529179.0
DiggerW,Lifea,1443576175.0
GIFtoGasm,Barrister_Ryan,1443531786.0
anapollosun,Dad_Jokes_Incoming,1443507255.0
Good_Orc,,1443511630.0
atomic1fire,temalyen,1443506117.0
Lifea,DiggerW,1443578747.0
t3hnhoj,atomic1fire,1443521315.0
,theredcheck,1443509879.0
Nobody_is_on_reddit,darklatrans,1443509879.0
ASK_ABOUT_SUBSPACE,Nobody_is_on_reddit,1443501878.0
Zolo49,ASK_ABOUT_SUBSPACE,1443502910.0
Mernerak,Zolo49,1443503384.0
Bombadjedi,Mernerak,1443506653.0
Gazz1016,darklatrans,1443509879.0
NoGoodNamesAvailable,Gazz1016,1443501043.0
HighGradeSpecialist,SpacecraftX,1443509879.0
shiftius,Vidyogamasta,1443509879.0
Dokpsy,Vidyogamasta,1443509879.0
McBurger,Vidyogamasta,1443509879.0
kaylashmayla,BlackLav,1443509879.0
YUGE_DICK_MCGEEE,temalyen,1443509879.0
RnRaintnoisepolution,YUGE_DICK_MCGEEE,1443507538.0
Dracunos,YUGE_DICK_MCGEEE,1443531112.0
,RnRaintnoisepolution,1443510953.0
ResolverOshawott,corobo,1443509879.0
corobo,ResolverOshawott,1443521305.0
ResolverOshawott,corobo,1443527991.0
100_Tacos,PurpleBullets,1443509879.0
100_Tacos,ranciddan,1443509879.0
IWriteWhenImUp,Fortunatelyluckyy,1443509879.0
Cansifilayeds,IWriteWhenImUp,1443512471.0
EruptingVagina,Fortunatelyluckyy,1443509879.0
IceSeeYou,EruptingVagina,1443507626.0
ImaginarySpider,Fortunatelyluckyy,1443509879.0
sennesennesenne,rootb33r,1443509879.0
StoneTheKrow,sennesennesenne,1443531829.0
HowDoYouDo87,sennesennesenne,1443536464.0
DrawBartDraw,sennesennesenne,1443532788.0
PizzaNietzsche,DrawBartDraw,1443544915.0
brfrozen,DrawBartDraw,1443542921.0
DrawBartDraw,PizzaNietzsche,1443545527.0
PizzaNietzsche,DrawBartDraw,1443552735.0
DrawBartDraw,PizzaNietzsche,1443553819.0
PizzaNietzsche,DrawBartDraw,1443557595.0
DrawBartDraw,PizzaNietzsche,1443559833.0
PizzaNietzsche,DrawBartDraw,1443560044.0
caryllll,findergrrr,1443509879.0
Katamariguy,findergrrr,1443509879.0
findergrrr,Katamariguy,1443528696.0
Oknight,findergrrr,1443509879.0
RatchetMoney,trillogy_,1443509879.0
CrazyPurpleBacon,trillogy_,1443509879.0
Pokerhobo,trillogy_,1443509879.0
Dreamchime,TheRabidDeer,1443509879.0
LaboratoryOne,Menospan,1443509879.0
DisturbedForever92,,1443509879.0
EffingTheIneffable,,1443509879.0
,EffingTheIneffable,1443507816.0
EffingTheIneffable,,1443508581.0
,,1443509879.0
derekandroid,anapollosun,1443509879.0
,derekandroid,1443503437.0
scitech2100,derekandroid,1443506602.0
DEATHbyBOOGABOOGA,derekandroid,1443533326.0
Hereforthefreecake,,1443503729.0
ThisIsJustSenseless,,1443504286.0
,,1443532147.0
BearguanaMan,,1443503735.0
Thegreedygringo,,1443505474.0
,,1443506388.0
Lifea,,1443514345.0
Barrister_Ryan,scitech2100,1443529460.0
,Hereforthefreecake,1443507472.0
PeperAndSoltIt,Hereforthefreecake,1443508596.0
temalyen,ThisIsJustSenseless,1443505196.0
,ThisIsJustSenseless,1443509355.0
FriedRiceIsYummy,ThisIsJustSenseless,1443520811.0
SenorPantySlayer,ThisIsJustSenseless,1443526204.0
-Forest_Gump-,ThisIsJustSenseless,1443529179.0
DiggerW,Lifea,1443576175.0
GIFtoGasm,Barrister_Ryan,1443531786.0
Good_Orc,,1443511630.0
atomic1fire,temalyen,1443506117.0
Lifea,DiggerW,1443578747.0
t3hnhoj,atomic1fire,1443521315.0
,anapollosun,1443509879.0
anapollosun,,1443506767.0
Brunky89890,anapollosun,1443509879.0
anapollosun,Brunky89890,1443506880.0
Dad_Jokes_Incoming,anapollosun,1443507004.0
anapollosun,Dad_Jokes_Incoming,1443507255.0
ASK_ABOUT_SUBSPACE,Nobody_is_on_reddit,1443509879.0
Zolo49,ASK_ABOUT_SUBSPACE,1443502910.0
Mernerak,Zolo49,1443503384.0
Bombadjedi,Mernerak,1443506653.0
NoGoodNamesAvailable,Gazz1016,1443509879.0
RnRaintnoisepolution,YUGE_DICK_MCGEEE,1443509879.0
,RnRaintnoisepolution,1443510953.0
Dracunos,YUGE_DICK_MCGEEE,1443509879.0
corobo,ResolverOshawott,1443509879.0
ResolverOshawott,corobo,1443527991.0
Cansifilayeds,IWriteWhenImUp,1443509879.0
IceSeeYou,EruptingVagina,1443509879.0
StoneTheKrow,sennesennesenne,1443509879.0
HowDoYouDo87,sennesennesenne,1443509879.0
DrawBartDraw,sennesennesenne,1443509879.0
PizzaNietzsche,DrawBartDraw,1443544915.0
brfrozen,DrawBartDraw,1443542921.0
DrawBartDraw,PizzaNietzsche,1443545527.0
PizzaNietzsche,DrawBartDraw,1443552735.0
DrawBartDraw,PizzaNietzsche,1443553819.0
PizzaNietzsche,DrawBartDraw,1443557595.0
DrawBartDraw,PizzaNietzsche,1443559833.0
PizzaNietzsche,DrawBartDraw,1443560044.0
findergrrr,Katamariguy,1443509879.0
,EffingTheIneffable,1443509879.0
EffingTheIneffable,,1443508581.0
,derekandroid,1443509879.0
Hereforthefreecake,,1443503729.0
ThisIsJustSenseless,,1443504286.0
,,1443532147.0
BearguanaMan,,1443503735.0
Thegreedygringo,,1443505474.0
,,1443506388.0
Lifea,,1443514345.0
,Hereforthefreecake,1443507472.0
PeperAndSoltIt,Hereforthefreecake,1443508596.0
temalyen,ThisIsJustSenseless,1443505196.0
,ThisIsJustSenseless,1443509355.0
FriedRiceIsYummy,ThisIsJustSenseless,1443520811.0
SenorPantySlayer,ThisIsJustSenseless,1443526204.0
-Forest_Gump-,ThisIsJustSenseless,1443529179.0
DiggerW,Lifea,1443576175.0
Good_Orc,,1443511630.0
atomic1fire,temalyen,1443506117.0
Lifea,DiggerW,1443578747.0
t3hnhoj,atomic1fire,1443521315.0
scitech2100,derekandroid,1443509879.0
Barrister_Ryan,scitech2100,1443529460.0
GIFtoGasm,Barrister_Ryan,1443531786.0
DEATHbyBOOGABOOGA,derekandroid,1443509879.0
anapollosun,,1443509879.0
anapollosun,Brunky89890,1443509879.0
Dad_Jokes_Incoming,anapollosun,1443507004.0
anapollosun,Dad_Jokes_Incoming,1443507255.0
Zolo49,ASK_ABOUT_SUBSPACE,1443509879.0
Mernerak,Zolo49,1443503384.0
Bombadjedi,Mernerak,1443506653.0
,RnRaintnoisepolution,1443509879.0
ResolverOshawott,corobo,1443509879.0
PizzaNietzsche,DrawBartDraw,1443509879.0
DrawBartDraw,PizzaNietzsche,1443545527.0
PizzaNietzsche,DrawBartDraw,1443552735.0
DrawBartDraw,PizzaNietzsche,1443553819.0
PizzaNietzsche,DrawBartDraw,1443557595.0
DrawBartDraw,PizzaNietzsche,1443559833.0
PizzaNietzsche,DrawBartDraw,1443560044.0
brfrozen,DrawBartDraw,1443509879.0
EffingTheIneffable,,1443509879.0
Hereforthefreecake,,1443509879.0
,Hereforthefreecake,1443507472.0
PeperAndSoltIt,Hereforthefreecake,1443508596.0
Good_Orc,,1443511630.0
ThisIsJustSenseless,,1443509879.0
temalyen,ThisIsJustSenseless,1443505196.0
,ThisIsJustSenseless,1443509355.0
FriedRiceIsYummy,ThisIsJustSenseless,1443520811.0
SenorPantySlayer,ThisIsJustSenseless,1443526204.0
-Forest_Gump-,ThisIsJustSenseless,1443529179.0
atomic1fire,temalyen,1443506117.0
t3hnhoj,atomic1fire,1443521315.0
,,1443509879.0
BearguanaMan,,1443509879.0
Thegreedygringo,,1443509879.0
,,1443509879.0
Lifea,,1443509879.0
DiggerW,Lifea,1443576175.0
Lifea,DiggerW,1443578747.0
Barrister_Ryan,scitech2100,1443509879.0
GIFtoGasm,Barrister_Ryan,1443531786.0
Dad_Jokes_Incoming,anapollosun,1443509879.0
anapollosun,Dad_Jokes_Incoming,1443507255.0
Mernerak,Zolo49,1443509879.0
Bombadjedi,Mernerak,1443506653.0
DrawBartDraw,PizzaNietzsche,1443509879.0
PizzaNietzsche,DrawBartDraw,1443552735.0
DrawBartDraw,PizzaNietzsche,1443553819.0
PizzaNietzsche,DrawBartDraw,1443557595.0
DrawBartDraw,PizzaNietzsche,1443559833.0
PizzaNietzsche,DrawBartDraw,1443560044.0
,Hereforthefreecake,1443509879.0
Good_Orc,,1443511630.0
PeperAndSoltIt,Hereforthefreecake,1443509879.0
temalyen,ThisIsJustSenseless,1443509879.0
atomic1fire,temalyen,1443506117.0
t3hnhoj,atomic1fire,1443521315.0
,ThisIsJustSenseless,1443509879.0
FriedRiceIsYummy,ThisIsJustSenseless,1443509879.0
SenorPantySlayer,ThisIsJustSenseless,1443509879.0
-Forest_Gump-,ThisIsJustSenseless,1443509879.0
DiggerW,Lifea,1443509879.0
Lifea,DiggerW,1443578747.0
GIFtoGasm,Barrister_Ryan,1443509879.0
anapollosun,Dad_Jokes_Incoming,1443509879.0
Bombadjedi,Mernerak,1443509879.0
PizzaNietzsche,DrawBartDraw,1443509879.0
DrawBartDraw,PizzaNietzsche,1443553819.0
PizzaNietzsche,DrawBartDraw,1443557595.0
DrawBartDraw,PizzaNietzsche,1443559833.0
PizzaNietzsche,DrawBartDraw,1443560044.0
Good_Orc,,1443509879.0
atomic1fire,temalyen,1443509879.0
t3hnhoj,atomic1fire,1443521315.0
Lifea,DiggerW,1443509879.0
DrawBartDraw,PizzaNietzsche,1443509879.0
PizzaNietzsche,DrawBartDraw,1443557595.0
DrawBartDraw,PizzaNietzsche,1443559833.0
PizzaNietzsche,DrawBartDraw,1443560044.0
t3hnhoj,atomic1fire,1443509879.0
PizzaNietzsche,DrawBartDraw,1443509879.0
DrawBartDraw,PizzaNietzsche,1443559833.0
PizzaNietzsche,DrawBartDraw,1443560044.0
DrawBartDraw,PizzaNietzsche,1443509879.0
PizzaNietzsche,DrawBartDraw,1443560044.0
PizzaNietzsche,DrawBartDraw,1443509879.0
