activity,user_name,activity_id,subreddit,time
post,rapitangnyy,3b6rbk,politota,1435322575.0
post,rapitangnyy,3iq073,politota,1440767167.0
post,rapitangnyy,3i7gbz,politota,1440427373.0
post,rapitangnyy,3htnbv,politota,1440142755.0
post,rapitangnyy,3hafpf,politota,1439795891.0
post,rapitangnyy,3gv4xg,politota,1439482673.0
post,rapitangnyy,3gpis5,politota,1439376535.0
post,rapitangnyy,3gc0an,politota,1439110012.0
post,rapitangnyy,3gbt8j,politota,1439103606.0
post,rapitangnyy,3fuw24,politota,1438767812.0
post,rapitangnyy,3frqde,politota,1438709239.0
post,rapitangnyy,3fqsvo,politota,1438694696.0
post,rapitangnyy,3fq8jy,politota,1438680322.0
post,rapitangnyy,3fq68y,politota,1438678442.0
post,rapitangnyy,3ff65e,politota,1438447861.0
post,rapitangnyy,3feroc,politota,1438439890.0
post,rapitangnyy,3fdxge,politota,1438413964.0
post,rapitangnyy,3fa6y9,politota,1438345786.0
post,rapitangnyy,3f9l9n,politota,1438329602.0
post,rapitangnyy,3ewz7v,ru,1438101217.0
post,rapitangnyy,3ewdq6,ru,1438092054.0
post,rapitangnyy,3ew0ka,ru,1438085057.0
post,rapitangnyy,3evrfd,ru,1438078168.0
post,rapitangnyy,3es1ku,ru,1438009815.0
post,rapitangnyy,3egjzb,politota,1437754651.0
post,rapitangnyy,3dyb63,politota,1437404692.0
post,rapitangnyy,3du332,ru,1437314506.0
post,rapitangnyy,3dhta8,ru,1437046747.0
post,rapitangnyy,3dhav7,ru,1437030827.0
post,rapitangnyy,3d09s4,ru,1436702739.0
post,rapitangnyy,3cx6av,ru,1436629813.0
post,rapitangnyy,3cjqmh,ru,1436361690.0
post,rapitangnyy,3bniox,ru,1435684704.0
post,rapitangnyy,3bin7v,ru,1435590977.0
post,rapitangnyy,3b3cxl,ru,1435252289.0
post,rapitangnyy,3b28lo,ukraina,1435231546.0
post,rapitangnyy,3aqcf0,politota,1434993964.0
post,rapitangnyy,3b3i16,politota,1435254423.0
