eo89vyc,psfrtps,eo887lq,edwardlleandre
eo8c0om,Puddinglax,eo89vyc,psfrtps
eo8e6r7,edwardlleandre,eo89vyc,psfrtps
eo8cl2b,ljout,eo89vyc,psfrtps
eo8cl0e,JamesBuffalkill,eo8c0om,Puddinglax
eo8ccj0,psfrtps,eo8c0om,Puddinglax
eo8f22n,psfrtps,eo8e6r7,edwardlleandre
eo8d5k6,psfrtps,eo8cl2b,ljout
eo8dom3,Puddinglax,eo8cl0e,JamesBuffalkill
eo8cu60,Puddinglax,eo8ccj0,psfrtps
eo8cnwl,GameOfSchemes,eo8ccj0,psfrtps
eo8fk7a,DoctorWaluigiTime,eo8f22n,psfrtps
eo8e5os,GregsWorld,eo8cnwl,GameOfSchemes
eo8fw7b,psfrtps,eo8fk7a,DoctorWaluigiTime
eo89te4,overactor,eo887lq,edwardlleandre
eo8b7yn,edwardlleandre,eo89te4,overactor
eo8f6z2,overactor,eo8b7yn,edwardlleandre
eo8dpfv,Corndogs006,eo887lq,edwardlleandre
eo8einh,edwardlleandre,eo8dpfv,Corndogs006
eo8dekk,Corndogs006,eo8b6tc,michilio
eo8ffn5,bigdamhero,eo8dekk,Corndogs006
eo8feyi,DoctorJW5002,eo8dekk,Corndogs006
eo8anh9,Corndogs006,eo88i9m,PotatoesNClay
eo8bujm,Mjrdouchington,eo8anh9,Corndogs006
eo8bpwa,two__sheds,eo8anh9,Corndogs006
eo8def7,bobdanderson,eo8anh9,Corndogs006
eo8d7io,PotatoesNClay,eo8anh9,Corndogs006
eo8c95t,Corndogs006,eo8bujm,Mjrdouchington
eo8cjq7,Acebulf,eo8c95t,Corndogs006
eo8dvpd,PotatoesNClay,eo8c95t,Corndogs006
eo8dbct,Mjrdouchington,eo8c95t,Corndogs006
eo8et75,ethan_at,eo8cjq7,Acebulf
eo8f2du,ike38000,eo8et75,ethan_at
eo8fmvr,ethan_at,eo8f2du,ike38000
eo8fse1,notasnerson,eo8fmvr,ethan_at
eo8a7is,psfrtps,eo893lv,oldpaintcan
eo8fjlq,,eo87b7a,AutoModerator
eo8fnn8,thedylanackerman,eo8fjlq,
eo8d7it,Corndogs006,eo8bpep,BluntForceHonesty
eo8fwuf,BluntForceHonesty,eo8d7it,Corndogs006
eo8a4w5,Corndogs006,eo88ck8,Nicolasv2
eo8czd0,UrAccountabilibuddy,eo8a4w5,Corndogs006
eo8em40,Nicolasv2,eo8a4w5,Corndogs006
eo8eswb,bobdanderson,eo8czd0,UrAccountabilibuddy
eo8f3g2,UrAccountabilibuddy,eo8eswb,bobdanderson
eo8fmv0,bobdanderson,eo8f3g2,UrAccountabilibuddy
eo8eyl6,Corndogs006,eo8cq5u,Arithese
eo8fjag,Arithese,eo8eyl6,Corndogs006
eo8fgbr,Corndogs006,eo8dg5b,lameth
eo8fsa1,thedylanackerman,eo8fauv,
eo8clmo,Corndogs006,eo8b4wu,QuasisuccessfulUA
eo8dbmx,QuasisuccessfulUA,eo8clmo,Corndogs006
eo89254,Corndogs006,eo88slf,
eo8acbi,tnadna,eo89254,Corndogs006
eo8b2mw,bobdanderson,eo8acbi,tnadna
eo8dlc1,WildeStrike,eo8acbi,tnadna
eo8etsd,koopatroopa83,eo8acbi,tnadna
eo8bm9z,tnadna,eo8b2mw,bobdanderson
eo8bv91,bobdanderson,eo8bm9z,tnadna
eo8bp9n,Corndogs006,eo899g2,Icametoargue
eo8fn1l,Quinneaux,eo8bp9n,Corndogs006
eo8fwlp,CrowderPower,eo8bp9n,Corndogs006
eo8ammm,psfrtps,eo899g2,Icametoargue
eo89lyb,Tendy777,eo899g2,Icametoargue
eo8bx1m,Corndogs006,eo89lyb,Tendy777
eo8eslc,jonhwoods,eo89lyb,Tendy777
eo89ut7,FuckChiefs_Raiders,eo899g2,Icametoargue
eo89on4,bobdanderson,eo899g2,Icametoargue
eo8a4k7,Rooked-Fox,eo899g2,Icametoargue
eo8aa33,wasabi991011,eo899g2,Icametoargue
