eknzab8,DeltaBot,bby3h7,BrandNuU4U
ekmfggx,FantasticRedPanda,bby3h7,BrandNuU4U
ekmx4kp,oldmanjoe,ekmfggx,FantasticRedPanda
ekmfojk,BrandNuU4U,ekmfggx,FantasticRedPanda
ekmzqdr,blackkettle,ekmfggx,FantasticRedPanda
eknmrwq,Need2Win2019,ekmfggx,FantasticRedPanda
ekmwsll,lcarlson6082,ekmfggx,FantasticRedPanda
ekmz7i1,WhoIsJohnPepe,ekmfggx,FantasticRedPanda
ekmut1s,Giraffecopter,ekmfggx,FantasticRedPanda
eknfozk,FantasticRedPanda,ekmx4kp,oldmanjoe
ekmr27o,jbt2003,ekmfojk,BrandNuU4U
ekmt9m9,Muh_freedoms,ekmfojk,BrandNuU4U
ekmp8ii,wiseguy_86,ekmfojk,BrandNuU4U
ekmx4a0,ethertrace,ekmfojk,BrandNuU4U
ekmivb2,tomgabriele,ekmfojk,BrandNuU4U
eknsoh2,edwardlleandre,ekmfojk,BrandNuU4U
ekmw35d,swtbtrygd,ekmfojk,BrandNuU4U
ekn4pw1,D-utch,ekmut1s,Giraffecopter
ekmu7is,iam420friendly,ekmr27o,jbt2003
ekmv2yi,watermasta,ekmr27o,jbt2003
ekmwj89,HamWatcher,ekmr27o,jbt2003
ekmtwz7,BrandNuU4U,ekmt9m9,Muh_freedoms
ekmrscm,Playmakermike,ekmp8ii,wiseguy_86
ekmvhem,BrandNuU4U,ekmp8ii,wiseguy_86
eko16qa,CnD_Janus,ekmx4a0,ethertrace
ekmlxa4,almightySapling,ekmivb2,tomgabriele
ekmoj5z,jupiterkansas,ekmivb2,tomgabriele
ekogwdj,wellillbegodamned,ekmivb2,tomgabriele
ekmyd3v,Homitu,ekmivb2,tomgabriele
ekmpdhz,xXxMassive-RetardxXx,ekmivb2,tomgabriele
ekmwqlx,DJ_Rupty,ekmu7is,iam420friendly
ekop01v,i_sigh_less,ekmv2yi,watermasta
ekmwssf,BetramaxLight,ekmtwz7,BrandNuU4U
ekmu6sf,Muh_freedoms,ekmtwz7,BrandNuU4U
ekn25d3,Buddha_Clause,ekmtwz7,BrandNuU4U
ekmwwr7,Homitu,ekmtwz7,BrandNuU4U
ekmx29k,shaggorama,ekmtwz7,BrandNuU4U
ekogrsn,wellillbegodamned,ekmtwz7,BrandNuU4U
ekn1xg3,D-utch,ekmtwz7,BrandNuU4U
ekn3atw,sonofaresiii,ekmtwz7,BrandNuU4U
ekmtz5b,snifty,ekmrscm,Playmakermike
ekor2kb,SeanFromQueens,ekmrscm,Playmakermike
ekmw6mq,snakesign,ekmvhem,BrandNuU4U
ekmmt64,tomgabriele,ekmlxa4,almightySapling
ekmr26o,tomgabriele,ekmpdhz,xXxMassive-RetardxXx
ekmwqd7,Ramblin_Rod,ekmpdhz,xXxMassive-RetardxXx
ekoowxv,i_sigh_less,ekmwqlx,DJ_Rupty
ekmyyfb,CHSummers,ekmwssf,BetramaxLight
ekmuzd0,watermasta,ekmu6sf,Muh_freedoms
ekmzxr3,ghjm,ekmwwr7,Homitu
ekn33zx,sonofaresiii,ekmtz5b,snifty
ekp174r,Playmakermike,ekor2kb,SeanFromQueens
ekmvul1,MrGulio,ekmmt64,tomgabriele
ekmnon2,almightySapling,ekmmt64,tomgabriele
ekn0hzx,xXxMassive-RetardxXx,ekmwqd7,Ramblin_Rod
ekmw6l0,tomgabriele,ekmvul1,MrGulio
ekn44hd,Ramblin_Rod,ekn0hzx,xXxMassive-RetardxXx
ekmwppt,MrGulio,ekmw6l0,tomgabriele
ekng9sk,xXxMassive-RetardxXx,ekn44hd,Ramblin_Rod
ekmwytv,tomgabriele,ekmwppt,MrGulio
ekp5q26,IambicPentakill,ekng9sk,xXxMassive-RetardxXx
ekmx5h0,MrGulio,ekmwytv,tomgabriele
ekmewkr,myusernameisunique1,bby3h7,BrandNuU4U
ekmivwm,Weisse_Rose,ekmewkr,myusernameisunique1
ekmqrg4,stink3rbelle,ekmewkr,myusernameisunique1
ekmkjtv,alt_for_controversy,ekmewkr,myusernameisunique1
ekms47p,Isopbc,ekmqrg4,stink3rbelle
ekop749,i_sigh_less,ekmqrg4,stink3rbelle
ekmva49,ProjectShamrock,ekmkjtv,alt_for_controversy
ekmlbp9,myusernameisunique1,ekmkjtv,alt_for_controversy
ekmujji,speedyjohn,ekms47p,Isopbc
ekn9go0,AmbulanceChaser12,ekms47p,Isopbc
eknq19h,Isopbc,ekmujji,speedyjohn
ekopb7o,i_sigh_less,eknq19h,Isopbc
ekmsb8t,Snakebite7,bby3h7,BrandNuU4U
ekmud0a,BrandNuU4U,ekmsb8t,Snakebite7
ekn094z,BrandNuU4U,ekmsb8t,Snakebite7
ekn27eo,ywecur,ekmsb8t,Snakebite7
eknncrb,DishyNeighborhood,ekmsb8t,Snakebite7
ekmwsjl,Snakebite7,ekmud0a,BrandNuU4U
ekn9gce,Themozdz,ekmud0a,BrandNuU4U
eknzact,DeltaBot,ekn094z,BrandNuU4U
ekocgf3,Shadowbreakr,eknncrb,DishyNeighborhood
ekmxa5c,BrandNuU4U,ekmwsjl,Snakebite7
eknms4b,countblah1877,ekmwsjl,Snakebite7
eko18qe,sexyspacewarlock,ekmwsjl,Snakebite7
ekoi1vk,bucketman32,ekn9gce,Themozdz
ekmy4mu,manebjaelke,ekmxa5c,BrandNuU4U
eknf6ch,TubaDeus,ekmxa5c,BrandNuU4U
ekn03uh,Snakebite7,ekmxa5c,BrandNuU4U
eknncsp,Snakebite7,eknms4b,countblah1877
eko7owg,Snakebite7,eko18qe,sexyspacewarlock
ekn0bmz,BrandNuU4U,ekn03uh,Snakebite7
ekoit0n,sexyspacewarlock,eko7owg,Snakebite7
ekn0hic,Snakebite7,ekn0bmz,BrandNuU4U
ekmehb9,irasciblerationalist,bby3h7,BrandNuU4U
ekmxw9v,geeksabre,ekmehb9,irasciblerationalist
ekmv5h2,fikis,ekmehb9,irasciblerationalist
ekmfaki,NewUser579169,bby3h7,BrandNuU4U
ekn98e7,AmbulanceChaser12,ekmfaki,NewUser579169
ekoqsze,i_sigh_less,ekmfaki,NewUser579169
ekma71o,Cloud_Prince,bby3h7,BrandNuU4U
ekmb1vg,BrandNuU4U,ekma71o,Cloud_Prince
ekmv3dm,aquantiV,ekma71o,Cloud_Prince
ekms6zz,jdylopa,ekmb1vg,BrandNuU4U
ekmdvip,gamefaqs_astrophys,ekmb1vg,BrandNuU4U
ekmc5t1,laconicflow,ekmb1vg,BrandNuU4U
ekmfum0,pur3fr33dom,ekmb1vg,BrandNuU4U
ekmj5bj,hagamablabla,ekmb1vg,BrandNuU4U
ekmcjz9,Cloud_Prince,ekmb1vg,BrandNuU4U
ekmzjjq,sir_writer,ekmb1vg,BrandNuU4U
ekmi2av,Kai_Daigoji,ekmb1vg,BrandNuU4U
ekmn90o,JoeHillForPresident,ekmb1vg,BrandNuU4U
ekmi4dr,Weisse_Rose,ekmb1vg,BrandNuU4U
ekmz6tu,Punchee,ekmb1vg,BrandNuU4U
ekmg2e6,nezmito,ekmdvip,gamefaqs_astrophys
ekmwb1i,,ekmdvip,gamefaqs_astrophys
ekmq05e,ululam,ekmdvip,gamefaqs_astrophys
ekoxx5x,Chaskar,ekmdvip,gamefaqs_astrophys
ekn5aub,geegro05,ekmdvip,gamefaqs_astrophys
ekmyc8t,TinMayn,ekmdvip,gamefaqs_astrophys
ekmwlxp,zaqal,ekmdvip,gamefaqs_astrophys
ekmma22,almightySapling,ekmc5t1,laconicflow
ekmhww8,parentheticalobject,ekmfum0,pur3fr33dom
ekmu8l5,,ekmj5bj,hagamablabla
ekmw5mw,pappypapaya,ekmcjz9,Cloud_Prince
ekn8aok,AmbulanceChaser12,ekmcjz9,Cloud_Prince
ekohk61,wellillbegodamned,ekmn90o,JoeHillForPresident
ekmgu1q,techiemikey,ekmg2e6,nezmito
ekn8kfw,tbdabbholm,ekmwb1i,
ekmjg77,pur3fr33dom,ekmhww8,parentheticalobject
ekmhhcy,nezmito,ekmgu1q,techiemikey
ekmtmyf,SlightlyJason,ekmjg77,pur3fr33dom
ekmv2pu,robertgentel,ekmhhcy,nezmito
ekn0cgm,pianoboy8,ekmtmyf,SlightlyJason
ekmpiy5,IlluminatusUIUC,bby3h7,BrandNuU4U
ekmttoq,Davidjhyatt,bby3h7,BrandNuU4U
ekn2pxj,PlayfulRemote9,ekmttoq,Davidjhyatt
ekn5i3f,Davidjhyatt,ekn2pxj,PlayfulRemote9
eknfdyw,PlayfulRemote9,ekn5i3f,Davidjhyatt
ekmcr3v,NoFunHere,bby3h7,BrandNuU4U
ekmq1ou,jfanderson05,ekmcr3v,NoFunHere
ekmvulm,ProjectShamrock,ekmq1ou,jfanderson05
ekn2nvb,PlayfulRemote9,ekmq1ou,jfanderson05
ekmqd0z,chronus_poo,bby3h7,BrandNuU4U
ekmwj4v,BrandNuU4U,ekmqd0z,chronus_poo
ekosr4r,light_hue_1,ekmwj4v,BrandNuU4U
ekm9rb8,CharlieWhorse_,bby3h7,BrandNuU4U
ekma4vw,BrandNuU4U,ekm9rb8,CharlieWhorse_
ekmy0ur,Fat_flatulence,ekm9rb8,CharlieWhorse_
ekmacrj,CharlieWhorse_,ekma4vw,BrandNuU4U
ekmar9y,gamefaqs_astrophys,ekma4vw,BrandNuU4U
ekmv3p2,SlimLovin,ekma4vw,BrandNuU4U
ekmyhyp,cos,ekma4vw,BrandNuU4U
ekn26n6,Todojaw21,ekma4vw,BrandNuU4U
ekmv4en,alexsdad87,ekmar9y,gamefaqs_astrophys
ekov7ss,somewhat_pragmatic,ekn26n6,Todojaw21
ekmx0ul,lcarlson6082,ekmv4en,alexsdad87
ekmieik,natha105,bby3h7,BrandNuU4U
ekn4n08,zeperf,ekmieik,natha105
ekmnw7s,anooblol,ekmieik,natha105
ekmrfok,BlitzBasic,ekmnw7s,anooblol
ekmwu8r,Delheru,ekmnw7s,anooblol
ekmsvs4,anooblol,ekmrfok,BlitzBasic
ekn0vyo,Dynamaxion,ekmwu8r,Delheru
ekn855e,Delheru,ekn0vyo,Dynamaxion
ekna02x,Dynamaxion,ekn855e,Delheru
eknasf5,Delheru,ekna02x,Dynamaxion
eknvi95,Dynamaxion,eknasf5,Delheru
eko2bet,Delheru,eknvi95,Dynamaxion
eko5guu,Dynamaxion,eko2bet,Delheru
eko7crd,Delheru,eko5guu,Dynamaxion
ekocjwc,Dynamaxion,eko7crd,Delheru
ekoe3qz,Delheru,ekocjwc,Dynamaxion
ekmuj8p,RemusShepherd,bby3h7,BrandNuU4U
ekmak41,gamefaqs_astrophys,bby3h7,BrandNuU4U
ekmmzml,ElectricAccordian,ekmak41,gamefaqs_astrophys
ekmelfw,,bby3h7,BrandNuU4U
ekmer9z,BrandNuU4U,ekmelfw,
ekmw6c0,OneDayHistory,ekmelfw,
ekmu7a7,ClearlyBanned22,ekmelfw,
ekmvbgb,watermasta,ekmelfw,
ekmxgkh,hibernativenaptosis,ekmelfw,
ekmxp7y,OGSHAGGY,ekmelfw,
ekmux7b,pgold05,ekmelfw,
ekn8qxf,tbdabbholm,ekmelfw,
ekmw34u,Delheru,ekmelfw,
ekmzd6h,Dynamaxion,ekmelfw,
ekmufzp,iam420friendly,ekmer9z,BrandNuU4U
ekmtq2c,TheSamurabbi,ekmer9z,BrandNuU4U
ekmtdqf,Evil_Thresh,ekmer9z,BrandNuU4U
ekp5t89,IambicPentakill,ekmer9z,BrandNuU4U
ekmrypy,null-null-null-null-,ekmer9z,BrandNuU4U
ekmvnnj,Aleriya,ekmvbgb,watermasta
ekmy791,UnremarkableBob,ekmufzp,iam420friendly
ekmzl6k,OscarThePitBull,ekmtq2c,TheSamurabbi
ekmtptw,BrandNuU4U,ekmtdqf,Evil_Thresh
ekmvsdz,grottohopper,ekmtdqf,Evil_Thresh
ekmuhtp,Hurricane_Viking,ekmtdqf,Evil_Thresh
ekmvdqc,watermasta,ekmtdqf,Evil_Thresh
ekn018s,TheSamurabbi,ekmtdqf,Evil_Thresh
ekn0u6f,TheSamurabbi,ekmrypy,null-null-null-null-
ekn0yd3,watermasta,ekmvnnj,Aleriya
ekmur0f,Evil_Thresh,ekmtptw,BrandNuU4U
ekn00ww,BetramaxLight,ekmtptw,BrandNuU4U
ekmyf3q,Evil_Thresh,ekmvsdz,grottohopper
ekmx26t,FjolnirFimbulvetr,ekmuhtp,Hurricane_Viking
ekn1le6,TheSamurabbi,ekmuhtp,Hurricane_Viking
ekmyueb,Evil_Thresh,ekmvdqc,watermasta
ekn0iv3,Evil_Thresh,ekn018s,TheSamurabbi
eknz06o,Hurricane_Viking,ekmx26t,FjolnirFimbulvetr
eknzc18,Hurricane_Viking,ekn1le6,TheSamurabbi
ekp2lm9,FjolnirFimbulvetr,eknz06o,Hurricane_Viking
ekmj4uf,AlfalphaSupreme,bby3h7,BrandNuU4U
ekmsxqo,Opheltes,bby3h7,BrandNuU4U
ekn1ghz,DiceMaster,bby3h7,BrandNuU4U
ekmvzze,swtbtrygd,bby3h7,BrandNuU4U
ekmwcs2,BrandNuU4U,ekmvzze,swtbtrygd
ekmwjf0,swtbtrygd,ekmwcs2,BrandNuU4U
ekmtypb,CarrotSweat,bby3h7,BrandNuU4U
ekn2zk6,PlayfulRemote9,ekmtypb,CarrotSweat
ekmnjys,Maxfunky,bby3h7,BrandNuU4U
ekmrbiy,acquavaa,bby3h7,BrandNuU4U
ekmuyhp,smellyfartypoopypant,bby3h7,BrandNuU4U
ekmw5dn,,bby3h7,BrandNuU4U
ekmw8uz,Ansuz07,ekmw5dn,
ekmxfqx,pr00fp0sitive,bby3h7,BrandNuU4U
ekmz5r2,pianoboy8,bby3h7,BrandNuU4U
ekmzjgy,TDaltonC,bby3h7,BrandNuU4U
eknl28l,An_Unruly_Mob,bby3h7,BrandNuU4U
ekmnnrz,HailOurPeople,bby3h7,BrandNuU4U
ekmw38a,MyNameDuzntMatter,bby3h7,BrandNuU4U
ekmumrk,crossdl,bby3h7,BrandNuU4U
ekmpu3u,MadeInHB,bby3h7,BrandNuU4U
ekmqwh0,therealdieseld,bby3h7,BrandNuU4U
ekmrh5p,nythnggs4590,bby3h7,BrandNuU4U
ekmu8md,Literotamus,bby3h7,BrandNuU4U
ekmufr8,ajswdf,bby3h7,BrandNuU4U
ekmuqdm,Petabyte_zero,bby3h7,BrandNuU4U
ekmvz8p,BrandNuU4U,ekmuqdm,Petabyte_zero
ekmv4zd,mdreed,bby3h7,BrandNuU4U
ekmv9g9,dosveces,bby3h7,BrandNuU4U
ekmva39,,bby3h7,BrandNuU4U
ekmvqyd,Huntingmoa,ekmva39,
ekmvczh,hacksoncode,bby3h7,BrandNuU4U
ekmzlqy,Electrivire,ekmvczh,hacksoncode
ekn07ik,hacksoncode,ekmzlqy,Electrivire
eknh11o,Electrivire,ekn07ik,hacksoncode
eknkmh4,hacksoncode,eknh11o,Electrivire
ekoly8n,Electrivire,eknkmh4,hacksoncode
ekmvkkf,bearfan15,bby3h7,BrandNuU4U
ekmw0zd,biggoof,bby3h7,BrandNuU4U
ekmw71w,TheRealMajour,bby3h7,BrandNuU4U
ekmwap6,Chadmandudeman,bby3h7,BrandNuU4U
ekmwe7h,Justgoahead123,bby3h7,BrandNuU4U
ekmwgj7,branyk2,bby3h7,BrandNuU4U
ekmwkrm,blkarcher77,bby3h7,BrandNuU4U
ekmwkvh,Just_Some_Man,bby3h7,BrandNuU4U
ekmwqbz,cgalv,bby3h7,BrandNuU4U
ekmwvtp,Cruseyd,bby3h7,BrandNuU4U
ekmx656,BrandNuU4U,ekmwvtp,Cruseyd
ekp5bm9,Cruseyd,ekmx656,BrandNuU4U
ekmx21d,PragmatistAntithesis,bby3h7,BrandNuU4U
ekmx65e,BriefProcess,bby3h7,BrandNuU4U
ekmxcpj,bacondoctor18,bby3h7,BrandNuU4U
ekmxd3i,sinan810,bby3h7,BrandNuU4U
ekmxicw,TheGreatOrganHarvest,bby3h7,BrandNuU4U
ekmxs3j,egrith,bby3h7,BrandNuU4U
ekmxu55,Nic_Cage_DM,bby3h7,BrandNuU4U
ekmxu6o,iampc93,bby3h7,BrandNuU4U
ekmy1eq,dannyshalom,bby3h7,BrandNuU4U
ekmy59z,Johnclark38,bby3h7,BrandNuU4U
ekmykuz,,bby3h7,BrandNuU4U
ekn8esn,tbdabbholm,ekmykuz,
ekmz8v2,demafrost,bby3h7,BrandNuU4U
ekmzodh,blackkettle,bby3h7,BrandNuU4U
ekmzr06,lastturdontheleft42,bby3h7,BrandNuU4U
ekmzy8m,maxpenny42,bby3h7,BrandNuU4U
ekmzyo0,LochFarquar,bby3h7,BrandNuU4U
ekmzywb,seancurry1,bby3h7,BrandNuU4U
ekn08bz,the_saad_salman,bby3h7,BrandNuU4U
ekn0n4y,Biptoslipdi,bby3h7,BrandNuU4U
ekn0znm,StoopidN00b,bby3h7,BrandNuU4U
ekn108q,chinmakes5,bby3h7,BrandNuU4U
ekn1sk0,taward,bby3h7,BrandNuU4U
eknco79,bennylima,bby3h7,BrandNuU4U
ekndfok,BrandNuU4U,eknco79,bennylima
ekndjst,bennylima,ekndfok,BrandNuU4U
eknfkfw,IrishPubstar,bby3h7,BrandNuU4U
eknm8po,IntelligentFennel,bby3h7,BrandNuU4U
eknmh26,BrandNuU4U,eknm8po,IntelligentFennel
eknmvir,IntelligentFennel,eknmh26,BrandNuU4U
eknmztw,BrandNuU4U,eknmvir,IntelligentFennel
eknnbsj,IntelligentFennel,eknmztw,BrandNuU4U
eknnpir,BrandNuU4U,eknnbsj,IntelligentFennel
eknq0w9,IntelligentFennel,eknnpir,BrandNuU4U
eknq8k0,BrandNuU4U,eknq0w9,IntelligentFennel
eknqcv5,IntelligentFennel,eknq8k0,BrandNuU4U
eknrtph,Gorlitski,bby3h7,BrandNuU4U
eknsfyx,billingsley,bby3h7,BrandNuU4U
ekntimr,igloogod,bby3h7,BrandNuU4U
eknuh4z,MalignantAmour,bby3h7,BrandNuU4U
eknvrbw,HaydenAndSons,bby3h7,BrandNuU4U
eko2gs4,zeratul98,bby3h7,BrandNuU4U
eko410y,wellillbegodamned,bby3h7,BrandNuU4U
ekov4zr,formershooter,bby3h7,BrandNuU4U
ekozhkq,GabuEx,bby3h7,BrandNuU4U
ekmjtbu,daynage,bby3h7,BrandNuU4U
ekmpxxf,aesop_fables,bby3h7,BrandNuU4U
ekn14p2,whatsup4,bby3h7,BrandNuU4U
eknkulb,FriedrichHydrargyrum,bby3h7,BrandNuU4U
ekmc0ni,laconicflow,bby3h7,BrandNuU4U
ekmjd9p,DunklerReiter,bby3h7,BrandNuU4U
ekmpsdi,v3r1,bby3h7,BrandNuU4U
ekmxaud,,bby3h7,BrandNuU4U
ekn8gfk,tbdabbholm,ekmxaud,
ekmxbzc,kylorensgrandfather,bby3h7,BrandNuU4U
ekmxlzb,frm5993,bby3h7,BrandNuU4U
ekmyh07,Electrivire,bby3h7,BrandNuU4U
ekmyncl,Dynamaxion,bby3h7,BrandNuU4U
eknjqmq,Elfere,bby3h7,BrandNuU4U
ekmafom,anonymousZRJ,bby3h7,BrandNuU4U
ekmvno9,,bby3h7,BrandNuU4U
eknwqze,garnteller,ekmvno9,
ekmyhzv,ytirevyelsew,bby3h7,BrandNuU4U
ekmysox,BrandNuU4U,ekmyhzv,ytirevyelsew
ekmz3s2,ytirevyelsew,ekmysox,BrandNuU4U
ekmx4kp,oldmanjoe,ekmfggx,FantasticRedPanda
eknfozk,FantasticRedPanda,ekmx4kp,oldmanjoe
ekmfojk,BrandNuU4U,ekmfggx,FantasticRedPanda
ekmr27o,jbt2003,ekmfojk,BrandNuU4U
ekmt9m9,Muh_freedoms,ekmfojk,BrandNuU4U
ekmp8ii,wiseguy_86,ekmfojk,BrandNuU4U
ekmx4a0,ethertrace,ekmfojk,BrandNuU4U
ekmivb2,tomgabriele,ekmfojk,BrandNuU4U
eknsoh2,edwardlleandre,ekmfojk,BrandNuU4U
ekmw35d,swtbtrygd,ekmfojk,BrandNuU4U
ekmu7is,iam420friendly,ekmr27o,jbt2003
ekmv2yi,watermasta,ekmr27o,jbt2003
ekmwj89,HamWatcher,ekmr27o,jbt2003
ekmtwz7,BrandNuU4U,ekmt9m9,Muh_freedoms
ekmrscm,Playmakermike,ekmp8ii,wiseguy_86
ekmvhem,BrandNuU4U,ekmp8ii,wiseguy_86
eko16qa,CnD_Janus,ekmx4a0,ethertrace
ekmlxa4,almightySapling,ekmivb2,tomgabriele
ekmoj5z,jupiterkansas,ekmivb2,tomgabriele
ekogwdj,wellillbegodamned,ekmivb2,tomgabriele
ekmyd3v,Homitu,ekmivb2,tomgabriele
ekmpdhz,xXxMassive-RetardxXx,ekmivb2,tomgabriele
ekmwqlx,DJ_Rupty,ekmu7is,iam420friendly
ekop01v,i_sigh_less,ekmv2yi,watermasta
ekmwssf,BetramaxLight,ekmtwz7,BrandNuU4U
ekmu6sf,Muh_freedoms,ekmtwz7,BrandNuU4U
ekn25d3,Buddha_Clause,ekmtwz7,BrandNuU4U
ekmwwr7,Homitu,ekmtwz7,BrandNuU4U
ekmx29k,shaggorama,ekmtwz7,BrandNuU4U
ekogrsn,wellillbegodamned,ekmtwz7,BrandNuU4U
ekn1xg3,D-utch,ekmtwz7,BrandNuU4U
ekn3atw,sonofaresiii,ekmtwz7,BrandNuU4U
ekmtz5b,snifty,ekmrscm,Playmakermike
ekor2kb,SeanFromQueens,ekmrscm,Playmakermike
ekmw6mq,snakesign,ekmvhem,BrandNuU4U
ekmmt64,tomgabriele,ekmlxa4,almightySapling
ekmr26o,tomgabriele,ekmpdhz,xXxMassive-RetardxXx
ekmwqd7,Ramblin_Rod,ekmpdhz,xXxMassive-RetardxXx
ekoowxv,i_sigh_less,ekmwqlx,DJ_Rupty
ekmyyfb,CHSummers,ekmwssf,BetramaxLight
ekmuzd0,watermasta,ekmu6sf,Muh_freedoms
ekmzxr3,ghjm,ekmwwr7,Homitu
ekn33zx,sonofaresiii,ekmtz5b,snifty
ekp174r,Playmakermike,ekor2kb,SeanFromQueens
ekmvul1,MrGulio,ekmmt64,tomgabriele
ekmnon2,almightySapling,ekmmt64,tomgabriele
ekn0hzx,xXxMassive-RetardxXx,ekmwqd7,Ramblin_Rod
ekmw6l0,tomgabriele,ekmvul1,MrGulio
ekn44hd,Ramblin_Rod,ekn0hzx,xXxMassive-RetardxXx
ekmwppt,MrGulio,ekmw6l0,tomgabriele
ekng9sk,xXxMassive-RetardxXx,ekn44hd,Ramblin_Rod
ekmwytv,tomgabriele,ekmwppt,MrGulio
ekp5q26,IambicPentakill,ekng9sk,xXxMassive-RetardxXx
ekmx5h0,MrGulio,ekmwytv,tomgabriele
ekmzqdr,blackkettle,ekmfggx,FantasticRedPanda
eknmrwq,Need2Win2019,ekmfggx,FantasticRedPanda
ekmwsll,lcarlson6082,ekmfggx,FantasticRedPanda
ekmz7i1,WhoIsJohnPepe,ekmfggx,FantasticRedPanda
ekmut1s,Giraffecopter,ekmfggx,FantasticRedPanda
ekn4pw1,D-utch,ekmut1s,Giraffecopter
ekmivwm,Weisse_Rose,ekmewkr,myusernameisunique1
ekmqrg4,stink3rbelle,ekmewkr,myusernameisunique1
ekms47p,Isopbc,ekmqrg4,stink3rbelle
ekop749,i_sigh_less,ekmqrg4,stink3rbelle
ekmujji,speedyjohn,ekms47p,Isopbc
ekn9go0,AmbulanceChaser12,ekms47p,Isopbc
eknq19h,Isopbc,ekmujji,speedyjohn
ekopb7o,i_sigh_less,eknq19h,Isopbc
ekmkjtv,alt_for_controversy,ekmewkr,myusernameisunique1
ekmva49,ProjectShamrock,ekmkjtv,alt_for_controversy
ekmlbp9,myusernameisunique1,ekmkjtv,alt_for_controversy
ekmud0a,BrandNuU4U,ekmsb8t,Snakebite7
ekmwsjl,Snakebite7,ekmud0a,BrandNuU4U
ekn9gce,Themozdz,ekmud0a,BrandNuU4U
ekmxa5c,BrandNuU4U,ekmwsjl,Snakebite7
eknms4b,countblah1877,ekmwsjl,Snakebite7
eko18qe,sexyspacewarlock,ekmwsjl,Snakebite7
ekoi1vk,bucketman32,ekn9gce,Themozdz
ekmy4mu,manebjaelke,ekmxa5c,BrandNuU4U
eknf6ch,TubaDeus,ekmxa5c,BrandNuU4U
ekn03uh,Snakebite7,ekmxa5c,BrandNuU4U
eknncsp,Snakebite7,eknms4b,countblah1877
eko7owg,Snakebite7,eko18qe,sexyspacewarlock
ekn0bmz,BrandNuU4U,ekn03uh,Snakebite7
ekoit0n,sexyspacewarlock,eko7owg,Snakebite7
ekn0hic,Snakebite7,ekn0bmz,BrandNuU4U
ekn094z,BrandNuU4U,ekmsb8t,Snakebite7
eknzact,DeltaBot,ekn094z,BrandNuU4U
ekn27eo,ywecur,ekmsb8t,Snakebite7
eknncrb,DishyNeighborhood,ekmsb8t,Snakebite7
ekocgf3,Shadowbreakr,eknncrb,DishyNeighborhood
ekmxw9v,geeksabre,ekmehb9,irasciblerationalist
ekmv5h2,fikis,ekmehb9,irasciblerationalist
ekn98e7,AmbulanceChaser12,ekmfaki,NewUser579169
ekoqsze,i_sigh_less,ekmfaki,NewUser579169
ekmb1vg,BrandNuU4U,ekma71o,Cloud_Prince
ekms6zz,jdylopa,ekmb1vg,BrandNuU4U
ekmdvip,gamefaqs_astrophys,ekmb1vg,BrandNuU4U
ekmc5t1,laconicflow,ekmb1vg,BrandNuU4U
ekmfum0,pur3fr33dom,ekmb1vg,BrandNuU4U
ekmj5bj,hagamablabla,ekmb1vg,BrandNuU4U
ekmcjz9,Cloud_Prince,ekmb1vg,BrandNuU4U
ekmzjjq,sir_writer,ekmb1vg,BrandNuU4U
ekmi2av,Kai_Daigoji,ekmb1vg,BrandNuU4U
ekmn90o,JoeHillForPresident,ekmb1vg,BrandNuU4U
ekmi4dr,Weisse_Rose,ekmb1vg,BrandNuU4U
ekmz6tu,Punchee,ekmb1vg,BrandNuU4U
ekmg2e6,nezmito,ekmdvip,gamefaqs_astrophys
ekmwb1i,,ekmdvip,gamefaqs_astrophys
ekmq05e,ululam,ekmdvip,gamefaqs_astrophys
ekoxx5x,Chaskar,ekmdvip,gamefaqs_astrophys
ekn5aub,geegro05,ekmdvip,gamefaqs_astrophys
ekmyc8t,TinMayn,ekmdvip,gamefaqs_astrophys
ekmwlxp,zaqal,ekmdvip,gamefaqs_astrophys
ekmma22,almightySapling,ekmc5t1,laconicflow
ekmhww8,parentheticalobject,ekmfum0,pur3fr33dom
ekmu8l5,,ekmj5bj,hagamablabla
ekmw5mw,pappypapaya,ekmcjz9,Cloud_Prince
ekn8aok,AmbulanceChaser12,ekmcjz9,Cloud_Prince
ekohk61,wellillbegodamned,ekmn90o,JoeHillForPresident
ekmgu1q,techiemikey,ekmg2e6,nezmito
ekn8kfw,tbdabbholm,ekmwb1i,
ekmjg77,pur3fr33dom,ekmhww8,parentheticalobject
ekmhhcy,nezmito,ekmgu1q,techiemikey
ekmtmyf,SlightlyJason,ekmjg77,pur3fr33dom
ekmv2pu,robertgentel,ekmhhcy,nezmito
ekn0cgm,pianoboy8,ekmtmyf,SlightlyJason
ekmv3dm,aquantiV,ekma71o,Cloud_Prince
ekn2pxj,PlayfulRemote9,ekmttoq,Davidjhyatt
ekn5i3f,Davidjhyatt,ekn2pxj,PlayfulRemote9
eknfdyw,PlayfulRemote9,ekn5i3f,Davidjhyatt
ekmq1ou,jfanderson05,ekmcr3v,NoFunHere
ekmvulm,ProjectShamrock,ekmq1ou,jfanderson05
ekn2nvb,PlayfulRemote9,ekmq1ou,jfanderson05
ekmwj4v,BrandNuU4U,ekmqd0z,chronus_poo
ekosr4r,light_hue_1,ekmwj4v,BrandNuU4U
ekma4vw,BrandNuU4U,ekm9rb8,CharlieWhorse_
ekmacrj,CharlieWhorse_,ekma4vw,BrandNuU4U
ekmar9y,gamefaqs_astrophys,ekma4vw,BrandNuU4U
ekmv3p2,SlimLovin,ekma4vw,BrandNuU4U
ekmyhyp,cos,ekma4vw,BrandNuU4U
ekn26n6,Todojaw21,ekma4vw,BrandNuU4U
ekmv4en,alexsdad87,ekmar9y,gamefaqs_astrophys
ekov7ss,somewhat_pragmatic,ekn26n6,Todojaw21
ekmx0ul,lcarlson6082,ekmv4en,alexsdad87
ekmy0ur,Fat_flatulence,ekm9rb8,CharlieWhorse_
ekn4n08,zeperf,ekmieik,natha105
ekmnw7s,anooblol,ekmieik,natha105
ekmrfok,BlitzBasic,ekmnw7s,anooblol
ekmwu8r,Delheru,ekmnw7s,anooblol
ekmsvs4,anooblol,ekmrfok,BlitzBasic
ekn0vyo,Dynamaxion,ekmwu8r,Delheru
ekn855e,Delheru,ekn0vyo,Dynamaxion
ekna02x,Dynamaxion,ekn855e,Delheru
eknasf5,Delheru,ekna02x,Dynamaxion
eknvi95,Dynamaxion,eknasf5,Delheru
eko2bet,Delheru,eknvi95,Dynamaxion
eko5guu,Dynamaxion,eko2bet,Delheru
eko7crd,Delheru,eko5guu,Dynamaxion
ekocjwc,Dynamaxion,eko7crd,Delheru
ekoe3qz,Delheru,ekocjwc,Dynamaxion
ekmmzml,ElectricAccordian,ekmak41,gamefaqs_astrophys
ekmer9z,BrandNuU4U,ekmelfw,
ekmufzp,iam420friendly,ekmer9z,BrandNuU4U
ekmtq2c,TheSamurabbi,ekmer9z,BrandNuU4U
ekmtdqf,Evil_Thresh,ekmer9z,BrandNuU4U
ekp5t89,IambicPentakill,ekmer9z,BrandNuU4U
ekmrypy,null-null-null-null-,ekmer9z,BrandNuU4U
ekmy791,UnremarkableBob,ekmufzp,iam420friendly
ekmzl6k,OscarThePitBull,ekmtq2c,TheSamurabbi
ekmtptw,BrandNuU4U,ekmtdqf,Evil_Thresh
ekmvsdz,grottohopper,ekmtdqf,Evil_Thresh
ekmuhtp,Hurricane_Viking,ekmtdqf,Evil_Thresh
ekmvdqc,watermasta,ekmtdqf,Evil_Thresh
ekn018s,TheSamurabbi,ekmtdqf,Evil_Thresh
ekn0u6f,TheSamurabbi,ekmrypy,null-null-null-null-
ekmur0f,Evil_Thresh,ekmtptw,BrandNuU4U
ekn00ww,BetramaxLight,ekmtptw,BrandNuU4U
ekmyf3q,Evil_Thresh,ekmvsdz,grottohopper
ekmx26t,FjolnirFimbulvetr,ekmuhtp,Hurricane_Viking
ekn1le6,TheSamurabbi,ekmuhtp,Hurricane_Viking
ekmyueb,Evil_Thresh,ekmvdqc,watermasta
ekn0iv3,Evil_Thresh,ekn018s,TheSamurabbi
eknz06o,Hurricane_Viking,ekmx26t,FjolnirFimbulvetr
eknzc18,Hurricane_Viking,ekn1le6,TheSamurabbi
ekp2lm9,FjolnirFimbulvetr,eknz06o,Hurricane_Viking
ekmw6c0,OneDayHistory,ekmelfw,
ekmu7a7,ClearlyBanned22,ekmelfw,
ekmvbgb,watermasta,ekmelfw,
ekmvnnj,Aleriya,ekmvbgb,watermasta
ekn0yd3,watermasta,ekmvnnj,Aleriya
ekmxgkh,hibernativenaptosis,ekmelfw,
ekmxp7y,OGSHAGGY,ekmelfw,
ekmux7b,pgold05,ekmelfw,
ekn8qxf,tbdabbholm,ekmelfw,
ekmw34u,Delheru,ekmelfw,
ekmzd6h,Dynamaxion,ekmelfw,
ekmwcs2,BrandNuU4U,ekmvzze,swtbtrygd
ekmwjf0,swtbtrygd,ekmwcs2,BrandNuU4U
ekn2zk6,PlayfulRemote9,ekmtypb,CarrotSweat
ekmw8uz,Ansuz07,ekmw5dn,
ekmvz8p,BrandNuU4U,ekmuqdm,Petabyte_zero
ekmvqyd,Huntingmoa,ekmva39,
ekmzlqy,Electrivire,ekmvczh,hacksoncode
ekn07ik,hacksoncode,ekmzlqy,Electrivire
eknh11o,Electrivire,ekn07ik,hacksoncode
eknkmh4,hacksoncode,eknh11o,Electrivire
ekoly8n,Electrivire,eknkmh4,hacksoncode
ekmx656,BrandNuU4U,ekmwvtp,Cruseyd
ekp5bm9,Cruseyd,ekmx656,BrandNuU4U
ekn8esn,tbdabbholm,ekmykuz,
ekndfok,BrandNuU4U,eknco79,bennylima
ekndjst,bennylima,ekndfok,BrandNuU4U
eknmh26,BrandNuU4U,eknm8po,IntelligentFennel
eknmvir,IntelligentFennel,eknmh26,BrandNuU4U
eknmztw,BrandNuU4U,eknmvir,IntelligentFennel
eknnbsj,IntelligentFennel,eknmztw,BrandNuU4U
eknnpir,BrandNuU4U,eknnbsj,IntelligentFennel
eknq0w9,IntelligentFennel,eknnpir,BrandNuU4U
eknq8k0,BrandNuU4U,eknq0w9,IntelligentFennel
eknqcv5,IntelligentFennel,eknq8k0,BrandNuU4U
ekn8gfk,tbdabbholm,ekmxaud,
eknwqze,garnteller,ekmvno9,
ekmysox,BrandNuU4U,ekmyhzv,ytirevyelsew
ekmz3s2,ytirevyelsew,ekmysox,BrandNuU4U
eknfozk,FantasticRedPanda,ekmx4kp,oldmanjoe
ekmr27o,jbt2003,ekmfojk,BrandNuU4U
ekmu7is,iam420friendly,ekmr27o,jbt2003
ekmv2yi,watermasta,ekmr27o,jbt2003
ekmwj89,HamWatcher,ekmr27o,jbt2003
ekmwqlx,DJ_Rupty,ekmu7is,iam420friendly
ekop01v,i_sigh_less,ekmv2yi,watermasta
ekoowxv,i_sigh_less,ekmwqlx,DJ_Rupty
ekmt9m9,Muh_freedoms,ekmfojk,BrandNuU4U
ekmtwz7,BrandNuU4U,ekmt9m9,Muh_freedoms
ekmwssf,BetramaxLight,ekmtwz7,BrandNuU4U
ekmu6sf,Muh_freedoms,ekmtwz7,BrandNuU4U
ekn25d3,Buddha_Clause,ekmtwz7,BrandNuU4U
ekmwwr7,Homitu,ekmtwz7,BrandNuU4U
ekmx29k,shaggorama,ekmtwz7,BrandNuU4U
ekogrsn,wellillbegodamned,ekmtwz7,BrandNuU4U
ekn1xg3,D-utch,ekmtwz7,BrandNuU4U
ekn3atw,sonofaresiii,ekmtwz7,BrandNuU4U
ekmyyfb,CHSummers,ekmwssf,BetramaxLight
ekmuzd0,watermasta,ekmu6sf,Muh_freedoms
ekmzxr3,ghjm,ekmwwr7,Homitu
ekmp8ii,wiseguy_86,ekmfojk,BrandNuU4U
ekmrscm,Playmakermike,ekmp8ii,wiseguy_86
ekmvhem,BrandNuU4U,ekmp8ii,wiseguy_86
ekmtz5b,snifty,ekmrscm,Playmakermike
ekor2kb,SeanFromQueens,ekmrscm,Playmakermike
ekmw6mq,snakesign,ekmvhem,BrandNuU4U
ekn33zx,sonofaresiii,ekmtz5b,snifty
ekp174r,Playmakermike,ekor2kb,SeanFromQueens
ekmx4a0,ethertrace,ekmfojk,BrandNuU4U
eko16qa,CnD_Janus,ekmx4a0,ethertrace
ekmivb2,tomgabriele,ekmfojk,BrandNuU4U
ekmlxa4,almightySapling,ekmivb2,tomgabriele
ekmoj5z,jupiterkansas,ekmivb2,tomgabriele
ekogwdj,wellillbegodamned,ekmivb2,tomgabriele
ekmyd3v,Homitu,ekmivb2,tomgabriele
ekmpdhz,xXxMassive-RetardxXx,ekmivb2,tomgabriele
ekmmt64,tomgabriele,ekmlxa4,almightySapling
ekmr26o,tomgabriele,ekmpdhz,xXxMassive-RetardxXx
ekmwqd7,Ramblin_Rod,ekmpdhz,xXxMassive-RetardxXx
ekmvul1,MrGulio,ekmmt64,tomgabriele
ekmnon2,almightySapling,ekmmt64,tomgabriele
ekn0hzx,xXxMassive-RetardxXx,ekmwqd7,Ramblin_Rod
ekmw6l0,tomgabriele,ekmvul1,MrGulio
ekn44hd,Ramblin_Rod,ekn0hzx,xXxMassive-RetardxXx
ekmwppt,MrGulio,ekmw6l0,tomgabriele
ekng9sk,xXxMassive-RetardxXx,ekn44hd,Ramblin_Rod
ekmwytv,tomgabriele,ekmwppt,MrGulio
ekp5q26,IambicPentakill,ekng9sk,xXxMassive-RetardxXx
ekmx5h0,MrGulio,ekmwytv,tomgabriele
eknsoh2,edwardlleandre,ekmfojk,BrandNuU4U
ekmw35d,swtbtrygd,ekmfojk,BrandNuU4U
ekn4pw1,D-utch,ekmut1s,Giraffecopter
ekms47p,Isopbc,ekmqrg4,stink3rbelle
ekmujji,speedyjohn,ekms47p,Isopbc
ekn9go0,AmbulanceChaser12,ekms47p,Isopbc
eknq19h,Isopbc,ekmujji,speedyjohn
ekopb7o,i_sigh_less,eknq19h,Isopbc
ekop749,i_sigh_less,ekmqrg4,stink3rbelle
ekmva49,ProjectShamrock,ekmkjtv,alt_for_controversy
ekmlbp9,myusernameisunique1,ekmkjtv,alt_for_controversy
ekmwsjl,Snakebite7,ekmud0a,BrandNuU4U
ekmxa5c,BrandNuU4U,ekmwsjl,Snakebite7
eknms4b,countblah1877,ekmwsjl,Snakebite7
eko18qe,sexyspacewarlock,ekmwsjl,Snakebite7
ekmy4mu,manebjaelke,ekmxa5c,BrandNuU4U
eknf6ch,TubaDeus,ekmxa5c,BrandNuU4U
ekn03uh,Snakebite7,ekmxa5c,BrandNuU4U
eknncsp,Snakebite7,eknms4b,countblah1877
eko7owg,Snakebite7,eko18qe,sexyspacewarlock
ekn0bmz,BrandNuU4U,ekn03uh,Snakebite7
ekoit0n,sexyspacewarlock,eko7owg,Snakebite7
ekn0hic,Snakebite7,ekn0bmz,BrandNuU4U
ekn9gce,Themozdz,ekmud0a,BrandNuU4U
ekoi1vk,bucketman32,ekn9gce,Themozdz
eknzact,DeltaBot,ekn094z,BrandNuU4U
ekocgf3,Shadowbreakr,eknncrb,DishyNeighborhood
ekms6zz,jdylopa,ekmb1vg,BrandNuU4U
ekmdvip,gamefaqs_astrophys,ekmb1vg,BrandNuU4U
ekmg2e6,nezmito,ekmdvip,gamefaqs_astrophys
ekmwb1i,,ekmdvip,gamefaqs_astrophys
ekmq05e,ululam,ekmdvip,gamefaqs_astrophys
ekoxx5x,Chaskar,ekmdvip,gamefaqs_astrophys
ekn5aub,geegro05,ekmdvip,gamefaqs_astrophys
ekmyc8t,TinMayn,ekmdvip,gamefaqs_astrophys
ekmwlxp,zaqal,ekmdvip,gamefaqs_astrophys
ekmgu1q,techiemikey,ekmg2e6,nezmito
ekn8kfw,tbdabbholm,ekmwb1i,
ekmhhcy,nezmito,ekmgu1q,techiemikey
ekmv2pu,robertgentel,ekmhhcy,nezmito
ekmc5t1,laconicflow,ekmb1vg,BrandNuU4U
ekmma22,almightySapling,ekmc5t1,laconicflow
ekmfum0,pur3fr33dom,ekmb1vg,BrandNuU4U
ekmhww8,parentheticalobject,ekmfum0,pur3fr33dom
ekmjg77,pur3fr33dom,ekmhww8,parentheticalobject
ekmtmyf,SlightlyJason,ekmjg77,pur3fr33dom
ekn0cgm,pianoboy8,ekmtmyf,SlightlyJason
ekmj5bj,hagamablabla,ekmb1vg,BrandNuU4U
ekmu8l5,,ekmj5bj,hagamablabla
ekmcjz9,Cloud_Prince,ekmb1vg,BrandNuU4U
ekmw5mw,pappypapaya,ekmcjz9,Cloud_Prince
ekn8aok,AmbulanceChaser12,ekmcjz9,Cloud_Prince
ekmzjjq,sir_writer,ekmb1vg,BrandNuU4U
ekmi2av,Kai_Daigoji,ekmb1vg,BrandNuU4U
ekmn90o,JoeHillForPresident,ekmb1vg,BrandNuU4U
ekohk61,wellillbegodamned,ekmn90o,JoeHillForPresident
ekmi4dr,Weisse_Rose,ekmb1vg,BrandNuU4U
ekmz6tu,Punchee,ekmb1vg,BrandNuU4U
ekn5i3f,Davidjhyatt,ekn2pxj,PlayfulRemote9
eknfdyw,PlayfulRemote9,ekn5i3f,Davidjhyatt
ekmvulm,ProjectShamrock,ekmq1ou,jfanderson05
ekn2nvb,PlayfulRemote9,ekmq1ou,jfanderson05
ekosr4r,light_hue_1,ekmwj4v,BrandNuU4U
ekmacrj,CharlieWhorse_,ekma4vw,BrandNuU4U
ekmar9y,gamefaqs_astrophys,ekma4vw,BrandNuU4U
ekmv4en,alexsdad87,ekmar9y,gamefaqs_astrophys
ekmx0ul,lcarlson6082,ekmv4en,alexsdad87
ekmv3p2,SlimLovin,ekma4vw,BrandNuU4U
ekmyhyp,cos,ekma4vw,BrandNuU4U
ekn26n6,Todojaw21,ekma4vw,BrandNuU4U
ekov7ss,somewhat_pragmatic,ekn26n6,Todojaw21
ekmrfok,BlitzBasic,ekmnw7s,anooblol
ekmsvs4,anooblol,ekmrfok,BlitzBasic
ekmwu8r,Delheru,ekmnw7s,anooblol
ekn0vyo,Dynamaxion,ekmwu8r,Delheru
ekn855e,Delheru,ekn0vyo,Dynamaxion
ekna02x,Dynamaxion,ekn855e,Delheru
eknasf5,Delheru,ekna02x,Dynamaxion
eknvi95,Dynamaxion,eknasf5,Delheru
eko2bet,Delheru,eknvi95,Dynamaxion
eko5guu,Dynamaxion,eko2bet,Delheru
eko7crd,Delheru,eko5guu,Dynamaxion
ekocjwc,Dynamaxion,eko7crd,Delheru
ekoe3qz,Delheru,ekocjwc,Dynamaxion
ekmufzp,iam420friendly,ekmer9z,BrandNuU4U
ekmy791,UnremarkableBob,ekmufzp,iam420friendly
ekmtq2c,TheSamurabbi,ekmer9z,BrandNuU4U
ekmzl6k,OscarThePitBull,ekmtq2c,TheSamurabbi
ekmtdqf,Evil_Thresh,ekmer9z,BrandNuU4U
ekmtptw,BrandNuU4U,ekmtdqf,Evil_Thresh
ekmvsdz,grottohopper,ekmtdqf,Evil_Thresh
ekmuhtp,Hurricane_Viking,ekmtdqf,Evil_Thresh
ekmvdqc,watermasta,ekmtdqf,Evil_Thresh
ekn018s,TheSamurabbi,ekmtdqf,Evil_Thresh
ekmur0f,Evil_Thresh,ekmtptw,BrandNuU4U
ekn00ww,BetramaxLight,ekmtptw,BrandNuU4U
ekmyf3q,Evil_Thresh,ekmvsdz,grottohopper
ekmx26t,FjolnirFimbulvetr,ekmuhtp,Hurricane_Viking
ekn1le6,TheSamurabbi,ekmuhtp,Hurricane_Viking
ekmyueb,Evil_Thresh,ekmvdqc,watermasta
ekn0iv3,Evil_Thresh,ekn018s,TheSamurabbi
eknz06o,Hurricane_Viking,ekmx26t,FjolnirFimbulvetr
eknzc18,Hurricane_Viking,ekn1le6,TheSamurabbi
ekp2lm9,FjolnirFimbulvetr,eknz06o,Hurricane_Viking
ekp5t89,IambicPentakill,ekmer9z,BrandNuU4U
ekmrypy,null-null-null-null-,ekmer9z,BrandNuU4U
ekn0u6f,TheSamurabbi,ekmrypy,null-null-null-null-
ekmvnnj,Aleriya,ekmvbgb,watermasta
ekn0yd3,watermasta,ekmvnnj,Aleriya
ekmwjf0,swtbtrygd,ekmwcs2,BrandNuU4U
ekn07ik,hacksoncode,ekmzlqy,Electrivire
eknh11o,Electrivire,ekn07ik,hacksoncode
eknkmh4,hacksoncode,eknh11o,Electrivire
ekoly8n,Electrivire,eknkmh4,hacksoncode
ekp5bm9,Cruseyd,ekmx656,BrandNuU4U
ekndjst,bennylima,ekndfok,BrandNuU4U
eknmvir,IntelligentFennel,eknmh26,BrandNuU4U
eknmztw,BrandNuU4U,eknmvir,IntelligentFennel
eknnbsj,IntelligentFennel,eknmztw,BrandNuU4U
eknnpir,BrandNuU4U,eknnbsj,IntelligentFennel
eknq0w9,IntelligentFennel,eknnpir,BrandNuU4U
eknq8k0,BrandNuU4U,eknq0w9,IntelligentFennel
eknqcv5,IntelligentFennel,eknq8k0,BrandNuU4U
ekmz3s2,ytirevyelsew,ekmysox,BrandNuU4U
ekmu7is,iam420friendly,ekmr27o,jbt2003
ekmwqlx,DJ_Rupty,ekmu7is,iam420friendly
ekoowxv,i_sigh_less,ekmwqlx,DJ_Rupty
ekmv2yi,watermasta,ekmr27o,jbt2003
ekop01v,i_sigh_less,ekmv2yi,watermasta
ekmwj89,HamWatcher,ekmr27o,jbt2003
ekmtwz7,BrandNuU4U,ekmt9m9,Muh_freedoms
ekmwssf,BetramaxLight,ekmtwz7,BrandNuU4U
ekmu6sf,Muh_freedoms,ekmtwz7,BrandNuU4U
ekn25d3,Buddha_Clause,ekmtwz7,BrandNuU4U
ekmwwr7,Homitu,ekmtwz7,BrandNuU4U
ekmx29k,shaggorama,ekmtwz7,BrandNuU4U
ekogrsn,wellillbegodamned,ekmtwz7,BrandNuU4U
ekn1xg3,D-utch,ekmtwz7,BrandNuU4U
ekn3atw,sonofaresiii,ekmtwz7,BrandNuU4U
ekmyyfb,CHSummers,ekmwssf,BetramaxLight
ekmuzd0,watermasta,ekmu6sf,Muh_freedoms
ekmzxr3,ghjm,ekmwwr7,Homitu
ekmrscm,Playmakermike,ekmp8ii,wiseguy_86
ekmtz5b,snifty,ekmrscm,Playmakermike
ekor2kb,SeanFromQueens,ekmrscm,Playmakermike
ekn33zx,sonofaresiii,ekmtz5b,snifty
ekp174r,Playmakermike,ekor2kb,SeanFromQueens
ekmvhem,BrandNuU4U,ekmp8ii,wiseguy_86
ekmw6mq,snakesign,ekmvhem,BrandNuU4U
eko16qa,CnD_Janus,ekmx4a0,ethertrace
ekmlxa4,almightySapling,ekmivb2,tomgabriele
ekmmt64,tomgabriele,ekmlxa4,almightySapling
ekmvul1,MrGulio,ekmmt64,tomgabriele
ekmnon2,almightySapling,ekmmt64,tomgabriele
ekmw6l0,tomgabriele,ekmvul1,MrGulio
ekmwppt,MrGulio,ekmw6l0,tomgabriele
ekmwytv,tomgabriele,ekmwppt,MrGulio
ekmx5h0,MrGulio,ekmwytv,tomgabriele
ekmoj5z,jupiterkansas,ekmivb2,tomgabriele
ekogwdj,wellillbegodamned,ekmivb2,tomgabriele
ekmyd3v,Homitu,ekmivb2,tomgabriele
ekmpdhz,xXxMassive-RetardxXx,ekmivb2,tomgabriele
ekmr26o,tomgabriele,ekmpdhz,xXxMassive-RetardxXx
ekmwqd7,Ramblin_Rod,ekmpdhz,xXxMassive-RetardxXx
ekn0hzx,xXxMassive-RetardxXx,ekmwqd7,Ramblin_Rod
ekn44hd,Ramblin_Rod,ekn0hzx,xXxMassive-RetardxXx
ekng9sk,xXxMassive-RetardxXx,ekn44hd,Ramblin_Rod
ekp5q26,IambicPentakill,ekng9sk,xXxMassive-RetardxXx
ekmujji,speedyjohn,ekms47p,Isopbc
eknq19h,Isopbc,ekmujji,speedyjohn
ekopb7o,i_sigh_less,eknq19h,Isopbc
ekn9go0,AmbulanceChaser12,ekms47p,Isopbc
ekmxa5c,BrandNuU4U,ekmwsjl,Snakebite7
ekmy4mu,manebjaelke,ekmxa5c,BrandNuU4U
eknf6ch,TubaDeus,ekmxa5c,BrandNuU4U
ekn03uh,Snakebite7,ekmxa5c,BrandNuU4U
ekn0bmz,BrandNuU4U,ekn03uh,Snakebite7
ekn0hic,Snakebite7,ekn0bmz,BrandNuU4U
eknms4b,countblah1877,ekmwsjl,Snakebite7
eknncsp,Snakebite7,eknms4b,countblah1877
eko18qe,sexyspacewarlock,ekmwsjl,Snakebite7
eko7owg,Snakebite7,eko18qe,sexyspacewarlock
ekoit0n,sexyspacewarlock,eko7owg,Snakebite7
ekoi1vk,bucketman32,ekn9gce,Themozdz
ekmg2e6,nezmito,ekmdvip,gamefaqs_astrophys
ekmgu1q,techiemikey,ekmg2e6,nezmito
ekmhhcy,nezmito,ekmgu1q,techiemikey
ekmv2pu,robertgentel,ekmhhcy,nezmito
ekmwb1i,,ekmdvip,gamefaqs_astrophys
ekn8kfw,tbdabbholm,ekmwb1i,
ekmq05e,ululam,ekmdvip,gamefaqs_astrophys
ekoxx5x,Chaskar,ekmdvip,gamefaqs_astrophys
ekn5aub,geegro05,ekmdvip,gamefaqs_astrophys
ekmyc8t,TinMayn,ekmdvip,gamefaqs_astrophys
ekmwlxp,zaqal,ekmdvip,gamefaqs_astrophys
ekmma22,almightySapling,ekmc5t1,laconicflow
ekmhww8,parentheticalobject,ekmfum0,pur3fr33dom
ekmjg77,pur3fr33dom,ekmhww8,parentheticalobject
ekmtmyf,SlightlyJason,ekmjg77,pur3fr33dom
ekn0cgm,pianoboy8,ekmtmyf,SlightlyJason
ekmu8l5,,ekmj5bj,hagamablabla
ekmw5mw,pappypapaya,ekmcjz9,Cloud_Prince
ekn8aok,AmbulanceChaser12,ekmcjz9,Cloud_Prince
ekohk61,wellillbegodamned,ekmn90o,JoeHillForPresident
eknfdyw,PlayfulRemote9,ekn5i3f,Davidjhyatt
ekmv4en,alexsdad87,ekmar9y,gamefaqs_astrophys
ekmx0ul,lcarlson6082,ekmv4en,alexsdad87
ekov7ss,somewhat_pragmatic,ekn26n6,Todojaw21
ekmsvs4,anooblol,ekmrfok,BlitzBasic
ekn0vyo,Dynamaxion,ekmwu8r,Delheru
ekn855e,Delheru,ekn0vyo,Dynamaxion
ekna02x,Dynamaxion,ekn855e,Delheru
eknasf5,Delheru,ekna02x,Dynamaxion
eknvi95,Dynamaxion,eknasf5,Delheru
eko2bet,Delheru,eknvi95,Dynamaxion
eko5guu,Dynamaxion,eko2bet,Delheru
eko7crd,Delheru,eko5guu,Dynamaxion
ekocjwc,Dynamaxion,eko7crd,Delheru
ekoe3qz,Delheru,ekocjwc,Dynamaxion
ekmy791,UnremarkableBob,ekmufzp,iam420friendly
ekmzl6k,OscarThePitBull,ekmtq2c,TheSamurabbi
ekmtptw,BrandNuU4U,ekmtdqf,Evil_Thresh
ekmur0f,Evil_Thresh,ekmtptw,BrandNuU4U
ekn00ww,BetramaxLight,ekmtptw,BrandNuU4U
ekmvsdz,grottohopper,ekmtdqf,Evil_Thresh
ekmyf3q,Evil_Thresh,ekmvsdz,grottohopper
ekmuhtp,Hurricane_Viking,ekmtdqf,Evil_Thresh
ekmx26t,FjolnirFimbulvetr,ekmuhtp,Hurricane_Viking
ekn1le6,TheSamurabbi,ekmuhtp,Hurricane_Viking
eknz06o,Hurricane_Viking,ekmx26t,FjolnirFimbulvetr
eknzc18,Hurricane_Viking,ekn1le6,TheSamurabbi
ekp2lm9,FjolnirFimbulvetr,eknz06o,Hurricane_Viking
ekmvdqc,watermasta,ekmtdqf,Evil_Thresh
ekmyueb,Evil_Thresh,ekmvdqc,watermasta
ekn018s,TheSamurabbi,ekmtdqf,Evil_Thresh
ekn0iv3,Evil_Thresh,ekn018s,TheSamurabbi
ekn0u6f,TheSamurabbi,ekmrypy,null-null-null-null-
ekn0yd3,watermasta,ekmvnnj,Aleriya
eknh11o,Electrivire,ekn07ik,hacksoncode
eknkmh4,hacksoncode,eknh11o,Electrivire
ekoly8n,Electrivire,eknkmh4,hacksoncode
eknmztw,BrandNuU4U,eknmvir,IntelligentFennel
eknnbsj,IntelligentFennel,eknmztw,BrandNuU4U
eknnpir,BrandNuU4U,eknnbsj,IntelligentFennel
eknq0w9,IntelligentFennel,eknnpir,BrandNuU4U
eknq8k0,BrandNuU4U,eknq0w9,IntelligentFennel
eknqcv5,IntelligentFennel,eknq8k0,BrandNuU4U
ekmwqlx,DJ_Rupty,ekmu7is,iam420friendly
ekoowxv,i_sigh_less,ekmwqlx,DJ_Rupty
ekop01v,i_sigh_less,ekmv2yi,watermasta
ekmwssf,BetramaxLight,ekmtwz7,BrandNuU4U
ekmyyfb,CHSummers,ekmwssf,BetramaxLight
ekmu6sf,Muh_freedoms,ekmtwz7,BrandNuU4U
ekmuzd0,watermasta,ekmu6sf,Muh_freedoms
ekn25d3,Buddha_Clause,ekmtwz7,BrandNuU4U
ekmwwr7,Homitu,ekmtwz7,BrandNuU4U
ekmzxr3,ghjm,ekmwwr7,Homitu
ekmx29k,shaggorama,ekmtwz7,BrandNuU4U
ekogrsn,wellillbegodamned,ekmtwz7,BrandNuU4U
ekn1xg3,D-utch,ekmtwz7,BrandNuU4U
ekn3atw,sonofaresiii,ekmtwz7,BrandNuU4U
ekmtz5b,snifty,ekmrscm,Playmakermike
ekn33zx,sonofaresiii,ekmtz5b,snifty
ekor2kb,SeanFromQueens,ekmrscm,Playmakermike
ekp174r,Playmakermike,ekor2kb,SeanFromQueens
ekmw6mq,snakesign,ekmvhem,BrandNuU4U
ekmmt64,tomgabriele,ekmlxa4,almightySapling
ekmvul1,MrGulio,ekmmt64,tomgabriele
ekmnon2,almightySapling,ekmmt64,tomgabriele
ekmw6l0,tomgabriele,ekmvul1,MrGulio
ekmwppt,MrGulio,ekmw6l0,tomgabriele
ekmwytv,tomgabriele,ekmwppt,MrGulio
ekmx5h0,MrGulio,ekmwytv,tomgabriele
ekmr26o,tomgabriele,ekmpdhz,xXxMassive-RetardxXx
ekmwqd7,Ramblin_Rod,ekmpdhz,xXxMassive-RetardxXx
ekn0hzx,xXxMassive-RetardxXx,ekmwqd7,Ramblin_Rod
ekn44hd,Ramblin_Rod,ekn0hzx,xXxMassive-RetardxXx
ekng9sk,xXxMassive-RetardxXx,ekn44hd,Ramblin_Rod
ekp5q26,IambicPentakill,ekng9sk,xXxMassive-RetardxXx
eknq19h,Isopbc,ekmujji,speedyjohn
ekopb7o,i_sigh_less,eknq19h,Isopbc
ekmy4mu,manebjaelke,ekmxa5c,BrandNuU4U
eknf6ch,TubaDeus,ekmxa5c,BrandNuU4U
ekn03uh,Snakebite7,ekmxa5c,BrandNuU4U
ekn0bmz,BrandNuU4U,ekn03uh,Snakebite7
ekn0hic,Snakebite7,ekn0bmz,BrandNuU4U
eknncsp,Snakebite7,eknms4b,countblah1877
eko7owg,Snakebite7,eko18qe,sexyspacewarlock
ekoit0n,sexyspacewarlock,eko7owg,Snakebite7
ekmgu1q,techiemikey,ekmg2e6,nezmito
ekmhhcy,nezmito,ekmgu1q,techiemikey
ekmv2pu,robertgentel,ekmhhcy,nezmito
ekn8kfw,tbdabbholm,ekmwb1i,
ekmjg77,pur3fr33dom,ekmhww8,parentheticalobject
ekmtmyf,SlightlyJason,ekmjg77,pur3fr33dom
ekn0cgm,pianoboy8,ekmtmyf,SlightlyJason
ekmx0ul,lcarlson6082,ekmv4en,alexsdad87
ekn855e,Delheru,ekn0vyo,Dynamaxion
ekna02x,Dynamaxion,ekn855e,Delheru
eknasf5,Delheru,ekna02x,Dynamaxion
eknvi95,Dynamaxion,eknasf5,Delheru
eko2bet,Delheru,eknvi95,Dynamaxion
eko5guu,Dynamaxion,eko2bet,Delheru
eko7crd,Delheru,eko5guu,Dynamaxion
ekocjwc,Dynamaxion,eko7crd,Delheru
ekoe3qz,Delheru,ekocjwc,Dynamaxion
ekmur0f,Evil_Thresh,ekmtptw,BrandNuU4U
ekn00ww,BetramaxLight,ekmtptw,BrandNuU4U
ekmyf3q,Evil_Thresh,ekmvsdz,grottohopper
ekmx26t,FjolnirFimbulvetr,ekmuhtp,Hurricane_Viking
eknz06o,Hurricane_Viking,ekmx26t,FjolnirFimbulvetr
ekp2lm9,FjolnirFimbulvetr,eknz06o,Hurricane_Viking
ekn1le6,TheSamurabbi,ekmuhtp,Hurricane_Viking
eknzc18,Hurricane_Viking,ekn1le6,TheSamurabbi
ekmyueb,Evil_Thresh,ekmvdqc,watermasta
ekn0iv3,Evil_Thresh,ekn018s,TheSamurabbi
eknkmh4,hacksoncode,eknh11o,Electrivire
ekoly8n,Electrivire,eknkmh4,hacksoncode
eknnbsj,IntelligentFennel,eknmztw,BrandNuU4U
eknnpir,BrandNuU4U,eknnbsj,IntelligentFennel
eknq0w9,IntelligentFennel,eknnpir,BrandNuU4U
eknq8k0,BrandNuU4U,eknq0w9,IntelligentFennel
eknqcv5,IntelligentFennel,eknq8k0,BrandNuU4U
ekoowxv,i_sigh_less,ekmwqlx,DJ_Rupty
ekmyyfb,CHSummers,ekmwssf,BetramaxLight
ekmuzd0,watermasta,ekmu6sf,Muh_freedoms
ekmzxr3,ghjm,ekmwwr7,Homitu
ekn33zx,sonofaresiii,ekmtz5b,snifty
ekp174r,Playmakermike,ekor2kb,SeanFromQueens
ekmvul1,MrGulio,ekmmt64,tomgabriele
ekmw6l0,tomgabriele,ekmvul1,MrGulio
ekmwppt,MrGulio,ekmw6l0,tomgabriele
ekmwytv,tomgabriele,ekmwppt,MrGulio
ekmx5h0,MrGulio,ekmwytv,tomgabriele
ekmnon2,almightySapling,ekmmt64,tomgabriele
ekn0hzx,xXxMassive-RetardxXx,ekmwqd7,Ramblin_Rod
ekn44hd,Ramblin_Rod,ekn0hzx,xXxMassive-RetardxXx
ekng9sk,xXxMassive-RetardxXx,ekn44hd,Ramblin_Rod
ekp5q26,IambicPentakill,ekng9sk,xXxMassive-RetardxXx
ekopb7o,i_sigh_less,eknq19h,Isopbc
ekn0bmz,BrandNuU4U,ekn03uh,Snakebite7
ekn0hic,Snakebite7,ekn0bmz,BrandNuU4U
ekoit0n,sexyspacewarlock,eko7owg,Snakebite7
ekmhhcy,nezmito,ekmgu1q,techiemikey
ekmv2pu,robertgentel,ekmhhcy,nezmito
ekmtmyf,SlightlyJason,ekmjg77,pur3fr33dom
ekn0cgm,pianoboy8,ekmtmyf,SlightlyJason
ekna02x,Dynamaxion,ekn855e,Delheru
eknasf5,Delheru,ekna02x,Dynamaxion
eknvi95,Dynamaxion,eknasf5,Delheru
eko2bet,Delheru,eknvi95,Dynamaxion
eko5guu,Dynamaxion,eko2bet,Delheru
eko7crd,Delheru,eko5guu,Dynamaxion
ekocjwc,Dynamaxion,eko7crd,Delheru
ekoe3qz,Delheru,ekocjwc,Dynamaxion
eknz06o,Hurricane_Viking,ekmx26t,FjolnirFimbulvetr
ekp2lm9,FjolnirFimbulvetr,eknz06o,Hurricane_Viking
eknzc18,Hurricane_Viking,ekn1le6,TheSamurabbi
ekoly8n,Electrivire,eknkmh4,hacksoncode
eknnpir,BrandNuU4U,eknnbsj,IntelligentFennel
eknq0w9,IntelligentFennel,eknnpir,BrandNuU4U
eknq8k0,BrandNuU4U,eknq0w9,IntelligentFennel
eknqcv5,IntelligentFennel,eknq8k0,BrandNuU4U
ekmw6l0,tomgabriele,ekmvul1,MrGulio
ekmwppt,MrGulio,ekmw6l0,tomgabriele
ekmwytv,tomgabriele,ekmwppt,MrGulio
ekmx5h0,MrGulio,ekmwytv,tomgabriele
ekn44hd,Ramblin_Rod,ekn0hzx,xXxMassive-RetardxXx
ekng9sk,xXxMassive-RetardxXx,ekn44hd,Ramblin_Rod
ekp5q26,IambicPentakill,ekng9sk,xXxMassive-RetardxXx
ekn0hic,Snakebite7,ekn0bmz,BrandNuU4U
ekmv2pu,robertgentel,ekmhhcy,nezmito
ekn0cgm,pianoboy8,ekmtmyf,SlightlyJason
eknasf5,Delheru,ekna02x,Dynamaxion
eknvi95,Dynamaxion,eknasf5,Delheru
eko2bet,Delheru,eknvi95,Dynamaxion
eko5guu,Dynamaxion,eko2bet,Delheru
eko7crd,Delheru,eko5guu,Dynamaxion
ekocjwc,Dynamaxion,eko7crd,Delheru
ekoe3qz,Delheru,ekocjwc,Dynamaxion
ekp2lm9,FjolnirFimbulvetr,eknz06o,Hurricane_Viking
eknq0w9,IntelligentFennel,eknnpir,BrandNuU4U
eknq8k0,BrandNuU4U,eknq0w9,IntelligentFennel
eknqcv5,IntelligentFennel,eknq8k0,BrandNuU4U
ekmwppt,MrGulio,ekmw6l0,tomgabriele
ekmwytv,tomgabriele,ekmwppt,MrGulio
ekmx5h0,MrGulio,ekmwytv,tomgabriele
ekng9sk,xXxMassive-RetardxXx,ekn44hd,Ramblin_Rod
ekp5q26,IambicPentakill,ekng9sk,xXxMassive-RetardxXx
eknvi95,Dynamaxion,eknasf5,Delheru
eko2bet,Delheru,eknvi95,Dynamaxion
eko5guu,Dynamaxion,eko2bet,Delheru
eko7crd,Delheru,eko5guu,Dynamaxion
ekocjwc,Dynamaxion,eko7crd,Delheru
ekoe3qz,Delheru,ekocjwc,Dynamaxion
eknq8k0,BrandNuU4U,eknq0w9,IntelligentFennel
eknqcv5,IntelligentFennel,eknq8k0,BrandNuU4U
ekmwytv,tomgabriele,ekmwppt,MrGulio
ekmx5h0,MrGulio,ekmwytv,tomgabriele
ekp5q26,IambicPentakill,ekng9sk,xXxMassive-RetardxXx
eko2bet,Delheru,eknvi95,Dynamaxion
eko5guu,Dynamaxion,eko2bet,Delheru
eko7crd,Delheru,eko5guu,Dynamaxion
ekocjwc,Dynamaxion,eko7crd,Delheru
ekoe3qz,Delheru,ekocjwc,Dynamaxion
eknqcv5,IntelligentFennel,eknq8k0,BrandNuU4U
ekmx5h0,MrGulio,ekmwytv,tomgabriele
eko5guu,Dynamaxion,eko2bet,Delheru
eko7crd,Delheru,eko5guu,Dynamaxion
ekocjwc,Dynamaxion,eko7crd,Delheru
ekoe3qz,Delheru,ekocjwc,Dynamaxion
eko7crd,Delheru,eko5guu,Dynamaxion
ekocjwc,Dynamaxion,eko7crd,Delheru
ekoe3qz,Delheru,ekocjwc,Dynamaxion
ekocjwc,Dynamaxion,eko7crd,Delheru
ekoe3qz,Delheru,ekocjwc,Dynamaxion
ekoe3qz,Delheru,ekocjwc,Dynamaxion
