eo57a3p,Imperator_Red,eo3nxc8,cupshadow
eo7x3uj,Frenetic_Zetetic,eo3nxc8,cupshadow
eo823fr,NormalAndy,eo3nxc8,cupshadow
eo8ylks,suxxos,eo3nxc8,cupshadow
eo2t44j,Theyllneverkn0w,eo2djwi,DailyManliness
eo56xv1,Imperator_Red,eo2t44j,Theyllneverkn0w
eo3h368,DailyManliness,eo2t44j,Theyllneverkn0w
eo5ghch,Theyllneverkn0w,eo56xv1,Imperator_Red
eo38t8j,bakamoney,eo2djwi,DailyManliness
eo78i1o,WaspOnAWall,eo2djwi,DailyManliness
eoaauyh,Mr_Mandingo93,eo2djwi,DailyManliness
eo3hkzf,DownyGall,eo22hz2,Bridgeboy777
eo79lul,scissor_me_timbers00,eo2o1nv,BlindingTwilight
eo4mf6n,RightHandWolf,eo2iepf,Auvergnat
eo31ore,LukesLikeIt,eo2qws0,bibalong
eo472ns,redhawkes,eo31ore,LukesLikeIt
eo2y91v,whuttupfoo,eo2qws0,bibalong
eo372iq,bibalong,eo2y91v,whuttupfoo
eo47h2t,throwlaca,eo3m0qo,re4d3
eo57qsr,Imperator_Red,eo47h2t,throwlaca
eo7o3lh,RedPill115,eo34tfq,HelloTims
eo9j6v7,HelloTims,eo7o3lh,RedPill115
eoaklw8,GayLubeOil,eo97hr0,redpillschool
eo98uic,ElectricalWait,eo97hr0,redpillschool
eo99ist,redpillschool,eo98uic,ElectricalWait
eo9aoc8,ElectricalWait,eo99ist,redpillschool
eo9b1ob,itiswr1tten,eo9aoc8,ElectricalWait
eo9d77b,dulkemaru51,eo97hr0,redpillschool
eo9u8wr,DeGENZerate,eo9d77b,dulkemaru51
eo8j555,Nergaal,eo88i02,dogwithhotdog
eo8lk7c,dogwithhotdog,eo8j555,Nergaal
eo8py6d,clavabot,eo8lk7c,dogwithhotdog
eo9zuw4,BlindingTwilight,eo88i02,dogwithhotdog
eoag76m,dogwithhotdog,eo9zuw4,BlindingTwilight
eoapy7j,organicfluxx,eo9zuw4,BlindingTwilight
eoaj5g2,BlindingTwilight,eoag76m,dogwithhotdog
eoaqgvx,BlindingTwilight,eoapy7j,organicfluxx
eoamlus,dogwithhotdog,eoaj5g2,BlindingTwilight
eoar7nj,organicfluxx,eoaqgvx,BlindingTwilight
eoanki4,BlindingTwilight,eoamlus,dogwithhotdog
eoas0qq,BlindingTwilight,eoar7nj,organicfluxx
eoaq6qh,organicfluxx,eoanki4,BlindingTwilight
eo8n5ka,,eo8gnvw,KeffirLime
eo97fk8,PrimeMinisterOfSheep,eo8gnvw,KeffirLime
eoas8es,organicfluxx,eo97fk8,PrimeMinisterOfSheep
eo93wsx,awakenedspirit1,eo8gnvw,KeffirLime
eo8q36r,clavabot,eo88dz5,heronmarkedblade1984
eo92gs4,,eo8kufw,red_matrix
eo959p9,redpillschool,eo92gs4,
eo94k9w,red_matrix,eo92gs4,
eo95h5x,,eo959p9,redpillschool
eo94yni,,eo94k9w,red_matrix
eo95ohl,redpillschool,eo95h5x,
eo96li4,red_matrix,eo94yni,
eo9tsxk,Fulp_Piction,eo96li4,red_matrix
eo9xarb,red_matrix,eo9tsxk,Fulp_Piction
eo8rx2n,excaliboor,eo8hri5,
eo9b2dc,jacques_cousteau007,eo8rx2n,excaliboor
eoal08p,Thotwrecker,eo8rx2n,excaliboor
eo9gjnr,excaliboor,eo9b2dc,jacques_cousteau007
eo9gw98,party_dragon,eo9b2dc,jacques_cousteau007
eoamaig,jacques_cousteau007,eoal08p,Thotwrecker
eo92jpv,,eo8hlgh,rocknrollchuck
eo8hlx8,,eo88tf5,_teh_overloard
eo8jtov,_teh_overloard,eo8hlx8,
eo8q4xu,dulkemaru51,eo8hlx8,
eo8d6ey,_do_not_read_this_,eo88tf5,_teh_overloard
eo8iitx,_teh_overloard,eo8d6ey,_do_not_read_this_
eo8rdqk,_do_not_read_this_,eo8iitx,_teh_overloard
eo9rvio,xoxuv,eo8rdqk,_do_not_read_this_
eo9t58s,_do_not_read_this_,eo9rvio,xoxuv
eoalbuv,Thotwrecker,eo88tf5,_teh_overloard
eo9b1v8,TheStumblingWolf,eo8lnz0,Cum_Victor
eo9fxkz,Omnidempotent,eo8lnz0,Cum_Victor
eo9s5uy,tyronethejabrone,eo8lnz0,Cum_Victor
eo8jomf,CheiftainQueef,eo8chta,_do_not_read_this_
eo8t6ss,_do_not_read_this_,eo8jomf,CheiftainQueef
eo9etva,ahackercalled4chan,eo969dk,dingleburry_joe
eo92ofk,,eo8jal0,Protocol_Apollo
eo9rkyl,tyronethejabrone,eo8m0la,The_BitterTruth
eo9ffh9,BillyRedRocks,eo99j5e,Auvergnat
eo8iadm,GayLubeOil,eo8gipg,kippenjager
eo8inn9,kippenjager,eo8iadm,GayLubeOil
eo8n60l,GayLubeOil,eo8inn9,kippenjager
eo8lc99,BurnoutRS,eo8inn9,kippenjager
eo8t35q,dulkemaru51,eo8inn9,kippenjager
eo8msy6,Distractingyou,eo8inn9,kippenjager
eo8p9q1,throwlaca,eo8lc99,BurnoutRS
eo8mwfp,kippenjager,eo8msy6,Distractingyou
eo98ygb,BurnoutRS,eo8p9q1,throwlaca
eo952j4,Distractingyou,eo8mwfp,kippenjager
eo8gew2,itiswr1tten,eo8e4nt,CheiftainQueef
eo8kvdq,,eo8fgmc,pras
eo95qyo,Distractingyou,eo8e7sq,Goblin_88
eoavv5j,anonym05frog,eo9yk10,AutoModerator
eoaciw7,SuccumbedToFlame,eoaaeru,FratboyOnReddit
eoai1o8,omen_tenebris,eoaciw7,SuccumbedToFlame
eoasr5p,mheyk,eoaciw7,SuccumbedToFlame
eoalrus,CuckedIndianAmerican,eoai1o8,omen_tenebris
eoae9or,666Evo,eoaaeru,FratboyOnReddit
eoaluvh,CuckedIndianAmerican,eoae9or,666Evo
eoatton,cloudwarmer,eoae9or,666Evo
eoaf6xt,MemeroniPeperoni,eoaaeru,FratboyOnReddit
eoasue3,mheyk,eoaf6xt,MemeroniPeperoni
eoaak9v,Soon_As_I_Nut,eoa2pfh,Furrealyo
eoaip6f,ChrimsonChin988,eoad855,LokiWantsToPlay
eoak5cc,Overkillengine,eoaip6f,ChrimsonChin988
eoavwl1,leew360,eoad855,LokiWantsToPlay
eoaa7c0,JohnIan101,eoa8uqf,IRunYourRiver
eoah9xm,BeholdTheHair,eoa8uqf,IRunYourRiver
eoat6bi,redaftrp,eoaidnc,NoFaithInThisSub
eo91xzh,TheRedPillRipper,eo8pzwk,bakamoney
eo8zllz,BoskOfPortKar,eo8pzwk,bakamoney
eo9l34b,Whopper_Jr,eo8zllz,BoskOfPortKar
eoa78e1,menial_optimist,eo8pzwk,bakamoney
eo9lfb3,andreas-mgtow,eo90cxa,Rathadin
eo9596k,uwey,eo90cxa,Rathadin
eo99piv,Jabbermouth,eo9596k,uwey
eoai80z,occipitalshit,eo99piv,Jabbermouth
eoa5tbi,OldScratchUpYourAss,eo90cxa,Rathadin
eoa0490,xoxuv,eo90cxa,Rathadin
eoa7hoa,Ballosaurus,eo90cxa,Rathadin
eo9opng,Graceful_Ballsack,eo90cxa,Rathadin
eoa245h,Ochialoc,eo9opng,Graceful_Ballsack
eoa04jx,Ch1pp,eo9opng,Graceful_Ballsack
eoa5g4t,PopePalpatineTheWise,eo9opng,Graceful_Ballsack
eoa7fkk,Ballosaurus,eo9opng,Graceful_Ballsack
eo9ttf2,Satou4,eo90cxa,Rathadin
eoabap1,Rathadin,eo9ttf2,Satou4
eoad6hj,Orochimaru331,eo90cxa,Rathadin
eo9imiz,kez88,eo9b7cg,amusso18
eo9ivag,awkwardtouching,eo9b7cg,amusso18
eoao5l8,MrShoeguy,eo9ivag,awkwardtouching
eo9um5h,verumvelfalsum,eo9b7cg,amusso18
eoa5o5p,PopePalpatineTheWise,eo9um5h,verumvelfalsum
eoa7i1o,HeftyAdministration8,eo9b7cg,amusso18
eoaexkg,Drekalo,eo9b7cg,amusso18
eo9ui89,Satou4,eo9b7cg,amusso18
eoa69tu,OldScratchUpYourAss,eo9b7cg,amusso18
eoaaokd,regainingmy70percent,eoa69tu,OldScratchUpYourAss
eoa0qrf,xoxuv,eo9b7cg,amusso18
eo93kmo,Gausston,eo8xg69,Some_Random_Guy_1138
eo95wi0,GirTheRobot,eo8xg69,Some_Random_Guy_1138
eo9b43j,magx01,eo95wi0,GirTheRobot
eo9mxv3,OneLastTime1997,eo95wi0,GirTheRobot
eo9mxan,OneLastTime1997,eo8xg69,Some_Random_Guy_1138
eo911mz,hiroshimatruthbombs,eo8xnta,throwlaca
eo920mw,InstigatingDrunk,eo911mz,hiroshimatruthbombs
eo9mife,BazingaBen,eo911mz,hiroshimatruthbombs
eo934jn,failingtheturingtest,eo8xnta,throwlaca
eo99uci,throwlaca,eo934jn,failingtheturingtest
eo9pnmw,radiox305,eo92ehq,Platinum247365
eoa0foe,xoxuv,eo92ehq,Platinum247365
eo9drz1,quarthomon,eo8v0hv,Bazino
eo9mwxw,OneLastTime1997,eo9drz1,quarthomon
eo91tw7,darkzoloto,eo8v0hv,Bazino
eo8zvd2,Cha_Cha_cho,eo8v0hv,Bazino
eoa6dmd,sikwidit05,eo8zvd2,Cha_Cha_cho
eo9mv5q,OneLastTime1997,eo8v0hv,Bazino
eo9v4s7,Satou4,eo99g4s,BurnoutRS
eo9atvn,throwlaca,eo948sg,VinnysMagicGrits
eoa6hop,OldScratchUpYourAss,eo9atvn,throwlaca
eo98imx,ozaku7,eo948sg,VinnysMagicGrits
eo9be76,ac714,eo98imx,ozaku7
eo9n1tj,OneLastTime1997,eo9mwem,C-Hoppe-r
eo8x7bh,TheBunk_TB,eo8p92h,arcwhy
eo95h99,BoringNormalGuy,eo8x7bh,TheBunk_TB
eo8tjjs,James_Rustler_,eo8p92h,arcwhy
eo9035v,jeromeantoinecarter,eo8tjjs,James_Rustler_
eo9anom,throwlaca,eo91jza,IRunYourRiver
eoa1x3i,xjx547,eo9xxke,Pintsmithy
eoaedpw,Hombremaniac,eoa3rkd,Graciey48
eo8srpt,zyk0s,eo8qh46,peaceful_strong_man
eo8wvfa,GodOfDinosaurs,eo8srpt,zyk0s
eo8tpnr,peaceful_strong_man,eo8srpt,zyk0s
eo9pldx,swiddie,eo8wvfa,GodOfDinosaurs
eo8scun,silent_dominant,eo8qh46,peaceful_strong_man
eo8t7mh,Compeliminator,eo8scun,silent_dominant
eo8tvev,heronmarkedblade1984,eo8t7mh,Compeliminator
eo8txqw,peaceful_strong_man,eo8t7mh,Compeliminator
eo8vmxt,peaceful_strong_man,eo8tvev,heronmarkedblade1984
eo8wvza,Compeliminator,eo8tvev,heronmarkedblade1984
eo8yxjp,MishtaBiggles,eo8txqw,peaceful_strong_man
eo8xaul,heronmarkedblade1984,eo8vmxt,peaceful_strong_man
eo94ovk,donkey_democrat,eo8wvza,Compeliminator
eoaasv4,silent_dominant,eo8wvza,Compeliminator
eo90j10,OptimalAdhesiveness,eo8yxjp,MishtaBiggles
eo90c7f,peaceful_strong_man,eo8yxjp,MishtaBiggles
eo8xcu2,peaceful_strong_man,eo8xaul,heronmarkedblade1984
eo9vjq5,peaceful_strong_man,eo90j10,OptimalAdhesiveness
eo90z3l,BloodSurgery,eo90j10,OptimalAdhesiveness
eo8xqvk,heronmarkedblade1984,eo8xcu2,peaceful_strong_man
eo929iq,Aeronautix,eo90z3l,BloodSurgery
eo8yeu3,peaceful_strong_man,eo8xqvk,heronmarkedblade1984
eo93uzi,BloodSurgery,eo929iq,Aeronautix
eo91jsf,heronmarkedblade1984,eo8yeu3,peaceful_strong_man
eo94vrp,Aeronautix,eo93uzi,BloodSurgery
eo9ak0j,OptimalAdhesiveness,eo94vrp,Aeronautix
eo9bu31,ac714,eo9ak0j,OptimalAdhesiveness
eo9zabf,Satou4,eo9lv0b,OneInAZillion
eoa9s15,NizzoFoShizzo,eoa54t1,OldScratchUpYourAss
eoa9yc4,JohnIan101,eoa35nr,noPTSDformePlease
eo90mjr,OptimalAdhesiveness,eo8zk3f,halfback910
eo90qey,halfback910,eo90mjr,OptimalAdhesiveness
eo9zqs3,Satou4,eo90mjr,OptimalAdhesiveness
eo9zw56,Satou4,eo90qey,halfback910
eo98cqh,Timely4ct,eo8zk3f,halfback910
eoa0142,Satou4,eo98cqh,Timely4ct
eoajyuh,ChrimsonChin988,eoaji17,ChrimsonChin988
eo9x9sr,Irtotallynotrobot,eo9j5jp,Jimmy2e
eoa254d,Jimmy2e,eo9x9sr,Irtotallynotrobot
eo89ine,oooKenshiooo,eo88tav,john_tree
eo9yby8,scissor_me_timbers00,eo86u4v,uwey
eo9z6m4,xoxuv,eo8o4pu,Spidinabus
eoa0jvy,Spidinabus,eo9z6m4,xoxuv
eoapqid,oooKenshiooo,eo9z6m4,xoxuv
eoapd2e,oooKenshiooo,eo8o4pu,Spidinabus
eo8iu8z,oooKenshiooo,eo8gmsg,Coumadin12
eo7vgwu,Polishrifle,eo7pgko,Was-Erlauben-Strunz
eo81zmn,Tek_Analyst,eo7vgwu,Polishrifle
eo9z4pj,Illiaan,eo7vgwu,Polishrifle
eo8240d,TheRedPillMonkey,eo81zmn,Tek_Analyst
eo8tbir,OutToAllenBANG,eo8240d,TheRedPillMonkey
eo815wi,Onein1024th,eo7pgko,Was-Erlauben-Strunz
eo7w5eh,CaptainBW,eo7pgko,Was-Erlauben-Strunz
eo9pvul,as_Sculptor,eo7pgko,Was-Erlauben-Strunz
eo7uqfw,BillyRedRocks,eo7pgko,Was-Erlauben-Strunz
eo9uzwn,whuttupfoo,eo8lcx6,red_matrix
eo86hrc,Thunderbird93,eo7d7gl,Emerald__Faith
eo88pox,MilkMoney111,eo86hrc,Thunderbird93
eo87iy7,victimization,eo86hrc,Thunderbird93
eo8a5tq,Thunderbird93,eo88pox,MilkMoney111
eo88utw,Thunderbird93,eo87iy7,victimization
eo8clpa,kaolin224,eo87iy7,victimization
eo8llgn,red_matrix,eo87iy7,victimization
eo90gvz,urbanfoh,eo87iy7,victimization
eo8nr54,MilkMoney111,eo8a5tq,Thunderbird93
eo89j6p,victimization,eo88utw,Thunderbird93
eo8aw0q,jackass_punk,eo88utw,Thunderbird93
eo8ekr9,victimization,eo8clpa,kaolin224
eo8aeai,Thunderbird93,eo89j6p,victimization
eo91e69,urbanfoh,eo8ekr9,victimization
eo8b12m,victimization,eo8aeai,Thunderbird93
eo7h2pd,Flying_Wingback,eo7d7gl,Emerald__Faith
eo8ai1l,Thunderbird93,eo7h2pd,Flying_Wingback
eo94u7y,WaterHound,eo8ai1l,Thunderbird93
eo7h2jp,MatSapientia,eo7d7gl,Emerald__Faith
eo7wgx0,kylerosa21,eo7d7gl,Emerald__Faith
eo82u2c,vandaalen,eo7d7gl,Emerald__Faith
eo7g5dd,Rugby11,eo7d7gl,Emerald__Faith
eo7yo9y,ture_tupp,eo7g5dd,Rugby11
eo8m0iv,red_matrix,eo7vs4s,LeastConsideration
eo9c7v5,LeastConsideration,eo8m0iv,red_matrix
eo86971,Thunderbird93,eo7vs4s,LeastConsideration
eo892gw,someonesopinion6969,eo86971,Thunderbird93
eo7xi0t,Protocol_Apollo,eo7vs4s,LeastConsideration
eo88qvb,FatmanO,eo7vs4s,LeastConsideration
eo8ao6a,Thunderbird93,eo88qvb,FatmanO
eo8auuf,FatmanO,eo8ao6a,Thunderbird93
eo4b52p,sebastianconcept,eo48jtm,AutoModerator
eo5nxhk,TheRedPillRipper,eo4xrjf,Loop_loop55
eo7blf7,FREECRACK6,eo4xrjf,Loop_loop55
eo4z5xt,CzzCCzzC,eo4yk0x,phibetared
eo5gzfr,phibetared,eo4z5xt,CzzCCzzC
eo54j03,rredhammer,eo4z5xt,CzzCCzzC
eo5x01y,Gothmog741,eo4z5xt,CzzCCzzC
eo5zh1w,the-dan-man,eo5gzfr,phibetared
eo6bci5,Svenrolic,eo5zh1w,the-dan-man
eo64370,ELMasTurbo,eo5zh1w,the-dan-man
eo91fuo,the-dan-man,eo6bci5,Svenrolic
eo9h12p,Svenrolic,eo91fuo,the-dan-man
eo5bib3,CzzCCzzC,eo55zge,HumanSockPuppet
eo4l3kl,PizzaAndProtein,eo49miq,rpsheepdog
eo5hth4,folded1000time,eo49miq,rpsheepdog
eo5yf5m,the-dan-man,eo5hth4,folded1000time
eo5b3jp,RedKingRising,eo4wpco,shea_the_great
eo5df2b,shea_the_great,eo5b3jp,RedKingRising
eoaotie,IncelNoMore,eo5df2b,shea_the_great
eo5hq3k,CzzCCzzC,eo5984t,BobbyPeru
eo5vz6w,BobbyPeru,eo5hq3k,CzzCCzzC
eo3jqmt,BobbyPeru,eo3c3kf,GoyInTheStripedPJs
eo41lap,KingOfPomerania,eo3c3kf,GoyInTheStripedPJs
eo5ymgo,vullnet123,eo41lap,KingOfPomerania
eo3ooll,greenlittleman,eo3c3kf,GoyInTheStripedPJs
eo3pgqt,dankmonty,eo3ooll,greenlittleman
eo3qp2d,greenlittleman,eo3pgqt,dankmonty
eo4pn5x,Ochialoc,eo3pgqt,dankmonty
eo4pt3j,Ochialoc,eo4pn5x,Ochialoc
eo4rdcn,TheImpossible1,eo4pn5x,Ochialoc
eo50tbh,Atheist_Utopia,eo4pn5x,Ochialoc
eo52936,LandoChronus,eo4rdcn,TheImpossible1
eo549r3,dankmonty,eo52936,LandoChronus
eo44cq1,iambecomechad1,eo3qh98,B3ER
eo4r3jq,The_LongJohnDon,eo44cq1,iambecomechad1
eo50p3y,rational_rai,eo44cq1,iambecomechad1
eo7tlsl,redmanticore2,eo4r3jq,The_LongJohnDon
eo50ore,rational_rai,eo4r3jq,The_LongJohnDon
eo56yba,The_LongJohnDon,eo50ore,rational_rai
eo50jdg,Imperator_Red,eo3qh98,B3ER
eo56fii,B3ER,eo50jdg,Imperator_Red
eo5lgod,RightHandWolf,eo56fii,B3ER
eo7xo33,Frenetic_Zetetic,eo3qh98,B3ER
eo50pcg,rational_rai,eo3qh98,B3ER
eo53f84,Imperator_Red,eo50pcg,rational_rai
eo53q97,PrincetonNarcissist,eo50pcg,rational_rai
eo5ot1q,TheRedPike,eo50pcg,rational_rai
eo5740x,rational_rai,eo53q97,PrincetonNarcissist
eo58bag,hazelstein,eo5740x,rational_rai
eo52eea,Ketonian_Empire,eo3eh89,Billsplacenta
eo5n0zz,Billsplacenta,eo52eea,Ketonian_Empire
eo40wes,RightHandWolf,eo3m231,chazthundergut
eo804gm,TheAC997,eo3m231,chazthundergut
eo3w2ho,Hviterev,eo3hwjy,civilizedfrog
eo9p96i,EPArt,eo3hwjy,civilizedfrog
eo50v0d,Imperator_Red,eo3oknp,cupshadow
eo3itj6,fds_1,eo3fh4m,Pokeylaw
eo53ndg,Imperator_Red,eo3fh4m,Pokeylaw
eo88iyl,maha420,eo3fh4m,Pokeylaw
eo47fi7,SuccumbedToFlame,eo3g3v4,communistcontrolact
eo4whn0,MentORPHEUS,eo4gwf8,MattyAnon
eo519o1,Imperator_Red,eo4gwf8,MattyAnon
eo3oil9,cursedflame,eo3dmaa,urmom504020
eo3tpjx,whuttupfoo,eo3dmaa,urmom504020
eo3m7a6,RealisticKiwi,eo3hpsp,
eo41vwb,imheregonow004,eo3m7a6,RealisticKiwi
eo4dl2x,quarthomon,eo3m7a6,RealisticKiwi
eo7jwp8,phenethyljammin,eo3mzux,SoA_MC
eo53wbf,Imperator_Red,eo4oyo2,FfdzcA1mzkHqxEx2AM6g
eo4bakw,BewareTheOldMan,eo3jcnw,Distractingyou
eo4vemz,MentORPHEUS,eo3jcnw,Distractingyou
eo53v2k,Imperator_Red,eo4nmok,0kool74
eo54qwl,Imperator_Red,eo4rbv5,Piscicide
eo4yt8i,chesty666,eo4rbv5,Piscicide
eo4h9jj,Cvevea3,eo3n2ns,MYMOUTHISNUMmn
eo6y51t,Proto_Sigma,eo4h9jj,Cvevea3
eo7xi8v,Wahwah5432,eo66dgf,Compeliminator
eo552sx,Imperator_Red,eo4nogj,InscrutablePUA
eo6p058,InscrutablePUA,eo552sx,Imperator_Red
eo8et07,FreeRadical5,eo552sx,Imperator_Red
eo4psu0,Cvevea3,eo4pqfx,TheImpossible1
eo4qr35,TheImpossible1,eo4psu0,Cvevea3
eo4hg3s,Cvevea3,eo3l7qx,SnowMonkeyCracker
eo6rarp,Greaterbird,eo3l904,andreas-mgtow
eo6urrv,andreas-mgtow,eo6rarp,Greaterbird
eo6wf3t,Greaterbird,eo6urrv,andreas-mgtow
eo6wt8x,andreas-mgtow,eo6wf3t,Greaterbird
eo6zg0m,Greaterbird,eo6wt8x,andreas-mgtow
eo3rzi1,ex_addict_bro,eo3kyls,Auvergnat
eo53px0,fds_1,eo3rzi1,ex_addict_bro
eo8nddv,TrannyFreak,eo3rzi1,ex_addict_bro
eo9jkqu,Kannonn,eo53px0,fds_1
eo4f1ec,DreamExpedite,eo3kyls,Auvergnat
eo78b0n,Auvergnat,eo4f1ec,DreamExpedite
eo51u9e,Atheist_Utopia,eo4f1ec,DreamExpedite
eo7h1c9,DreamExpedite,eo78b0n,Auvergnat
eo7tadg,DreamExpedite,eo78b0n,Auvergnat
eo5e3hh,LogicalOlive,eo51u9e,Atheist_Utopia
eo7vbd6,Auvergnat,eo7tadg,DreamExpedite
eo7w56a,DreamExpedite,eo7vbd6,Auvergnat
eo7zzvz,dogway90,eo7w56a,DreamExpedite
eo9ufa2,bluesnsouls,eo7w56a,DreamExpedite
eo3neir,tchower,eo3kyls,Auvergnat
eo3p60f,Auvergnat,eo3neir,tchower
eo4gdh5,TheGweatandTewwible,eo3kyls,Auvergnat
eo4on6q,TheConditionedMale,eo3kyls,Auvergnat
eo5q4e8,teveza11,eo3kyls,Auvergnat
eo4gn4j,TheGweatandTewwible,eo3zynk,Cods_gift_to_reddit
eo5qz5i,Cods_gift_to_reddit,eo4gn4j,TheGweatandTewwible
eo4f7lm,DreamExpedite,eo4328l,GetMeLaidAlot
eoavbip,mussawi,eo4328l,GetMeLaidAlot
eo4fbpz,DreamExpedite,eo3kv04,50shadesofsigma
eo5rctl,50shadesofsigma,eo4fbpz,DreamExpedite
eo68lyw,DreamExpedite,eo5rctl,50shadesofsigma
eo4gy4r,TheGweatandTewwible,eo41dh3,guyau
eo4j8vz,guyau,eo4gy4r,TheGweatandTewwible
eo573w6,systemwipe999,eo4j8vz,guyau
eo7w74r,TheGweatandTewwible,eo4j8vz,guyau
eo5b5dm,guyau,eo573w6,systemwipe999
eo566eh,patrixxxx,eo4ibnr,MarcosDomingues
eo433vc,hbPUA,eo3kkq2,Distractingyou
eo4fequ,DreamExpedite,eo433vc,hbPUA
eo3vkrr,,eo3kkq2,Distractingyou
eo6ih3q,Memetic1,eo6i8s9,
eo6lfd1,,eo6ih3q,Memetic1
eo71act,Memetic1,eo6lfd1,
eo7x90z,,eo71act,Memetic1
eo8giyf,Memetic1,eo7x90z,
eo7aqmg,riggedved,eo19gs1,AutoModerator
eo29yt1,MattyAnon,eo1gdje,ForTheRobot
eo1t19t,PythonInterp,eo1gdje,ForTheRobot
eo3blcz,slayer_in_midst,eo1t19t,PythonInterp
eo3cjqx,kenpachitz,eo3blcz,slayer_in_midst
eo3g5is,slayer_in_midst,eo3cjqx,kenpachitz
eo6769j,bsutansalt,eo3cjqx,kenpachitz
eo1ormh,red_philosopher,eo1mneu,Gnosiis_
eo2eqzp,Gnosiis_,eo1ormh,red_philosopher
eo2j2tj,red_philosopher,eo2eqzp,Gnosiis_
eo2oyza,catriel25,eo2eqzp,Gnosiis_
eo2yfk5,omega_dawg93,eo2eqzp,Gnosiis_
eo41bdr,BrownGummyBear,eo2eqzp,Gnosiis_
eo2yea0,wtf_ever_man,eo2j2tj,red_philosopher
eo30p6t,TheGweatandTewwible,eo2j2tj,red_philosopher
eo2yvjq,red_philosopher,eo2yea0,wtf_ever_man
eo1otx8,Wolveryn,eo1mneu,Gnosiis_
eo2zznd,TheGweatandTewwible,eo1mneu,Gnosiis_
eo2u313,Avskygod0,eo1mneu,Gnosiis_
eo237oy,Radioactivebuny,eo1mneu,Gnosiis_
eo28zpn,CuckedIndianAmerican,eo237oy,Radioactivebuny
eo2q0bf,SICFJC,eo28zpn,CuckedIndianAmerican
eo3f2pc,Simpman4,eo1mneu,Gnosiis_
eo2zgm8,omega_dawg93,eo1zl1m,MiserableMagikarp
eo4icj0,MattyAnon,eo1zl1m,MiserableMagikarp
eo1lp4l,Chet_Manly0987,eo19xc7,red_philosopher
eo1n2tu,throwawayred521,eo1lp4l,Chet_Manly0987
eo1oa89,red_philosopher,eo1lp4l,Chet_Manly0987
eo1ntjq,Wolveryn,eo1lp4l,Chet_Manly0987
eo24ycb,klk8251,eo1lp4l,Chet_Manly0987
eo2akds,ChrimsonChin988,eo1lp4l,Chet_Manly0987
eo1repp,Chet_Manly0987,eo1oa89,red_philosopher
eo3akvr,NigerianChad,eo1oa89,red_philosopher
eo280ka,SeasonedRP,eo1oa89,red_philosopher
eo1uzab,red_philosopher,eo1repp,Chet_Manly0987
eo3b93m,red_philosopher,eo3akvr,NigerianChad
eo2bax9,red_philosopher,eo280ka,SeasonedRP
eo1ozln,scissor_me_timbers00,eo19xc7,red_philosopher
eo7gyw8,Synthetic_Citizen,eo5k363,Imperator_Red
eo5k5pw,red_philosopher,eo5k363,Imperator_Red
eo6l74w,Brodin69,eo39ngj,NabroleonBonaparte
eo3dcp3,FereallyRed,eo2rnmx,
eo4387h,strikethrough123,eo2rnmx,
eo2uads,AceMav21,eo2rnmx,
eo3anwv,sharp_huggs,eo2uads,AceMav21
eo6xzfy,Halitenina,eo2rnmx,
eo2tdk1,red_philosopher,eo2rnmx,
eo88wi9,BurnoutRS,eo2tdk1,red_philosopher
eo2wkz8,NASCARnormie,eo2tdk1,red_philosopher
eo8cdkg,red_philosopher,eo88wi9,BurnoutRS
eo8f4bf,BurnoutRS,eo8cdkg,red_philosopher
eo4o09w,Exmars,eo2rnmx,
eo5alg6,SeasonedRP,eo4ij1z,archaic-guy
eo8d0qr,red_philosopher,eo86p4f,toto83fr
eo2wua4,red_philosopher,eo2ws3z,pacjax
eo2x068,pacjax,eo2wua4,red_philosopher
eo301u4,colinnb,eo2x068,pacjax
eo39gmp,WalterEArmstrong,eo301u4,colinnb
eo43z2d,pacjax,eo301u4,colinnb
eo3aa8b,colinnb,eo375n7,feddie52
eo9ggdb,Aptote,eo375n7,feddie52
eo2ms79,ZappaVDV,eo28ccc,the_ducks_butthole
eo3loka,the_ducks_butthole,eo2ms79,ZappaVDV
eo2lnzz,red_philosopher,eo28ccc,the_ducks_butthole
eo40zhh,ZappaVDV,eo2lnzz,red_philosopher
eo9ds8i,jairothevaca,eo2lnzz,red_philosopher
eo9g7rn,red_philosopher,eo9ds8i,jairothevaca
eo9kanw,jairothevaca,eo9g7rn,red_philosopher
eo35tax,hjkl4life,eo28ccc,the_ducks_butthole
eo3lllc,the_ducks_butthole,eo35tax,hjkl4life
eo41pfh,GetMeLaidAlot,eo28ccc,the_ducks_butthole
eo2rptu,red_philosopher,eo2qdaz,GLADmyNAMEaintDICK
eo4d8rm,red_philosopher,eo3k532,Camel-fingers
eo4rxs7,red_philosopher,eo42ofc,
eo4ww9y,GetMeLaidAlot,eo4rxs7,red_philosopher
eo55x58,red_philosopher,eo4ww9y,GetMeLaidAlot
eo5ch9t,GetMeLaidAlot,eo55x58,red_philosopher
eo5k7or,red_philosopher,eo5ch9t,GetMeLaidAlot
eo6xvkm,Halitenina,eo42ofc,
eo2k6dj,red_philosopher,eo2j5wy,HatefulTwerp
eo3qj81,colinnb,eo3epse,Jowemaha
eo4m8w9,Jowemaha,eo3qj81,colinnb
eo61jq4,colinnb,eo4m8w9,Jowemaha
eo62ry0,Jowemaha,eo61jq4,colinnb
eo6fzga,colinnb,eo62ry0,Jowemaha
eo119rc,DailyManliness,enz1p6p,AshyLarry27
eo3estd,kiwifx,eo119rc,DailyManliness
eo5ropn,Imperator_Red,eo119rc,DailyManliness
eo139uh,pacjax,enz1p6p,AshyLarry27
eo27j2a,sloppydickwater,eo139uh,pacjax
eo5qz1b,AshyLarry27,eo139uh,pacjax
eo64l27,pacjax,eo5qz1b,AshyLarry27
eo6bav6,AshyLarry27,eo64l27,pacjax
eo0opjs,itiswr1tten,enz58qu,420KUSHBUSH
eo1j9o9,420KUSHBUSH,eo0opjs,itiswr1tten
eo0fzk2,,enz58qu,420KUSHBUSH
enzatmj,Rkingpin,enz7gym,MicroOppression
enzbm4c,MicroOppression,enzatmj,Rkingpin
eo0mfhp,_do_not_read_this_,enzatmj,Rkingpin
eo09rdw,Bleu_Cheese_Pursuits,enzbm4c,MicroOppression
eo0miox,_do_not_read_this_,enzbm4c,MicroOppression
eo0yog5,teveza11,eo0mfhp,_do_not_read_this_
eo26ivw,EPArt,eo0mfhp,_do_not_read_this_
eo17ei4,MicroOppression,eo09rdw,Bleu_Cheese_Pursuits
eo1guda,Pestilence1911,eo0yog5,teveza11
eo1er9e,Bleu_Cheese_Pursuits,eo17ei4,MicroOppression
eo29s9t,surfsusa,eo17ei4,MicroOppression
eo1na37,showerdudes9,eo17ei4,MicroOppression
eo1jghb,MicroOppression,eo1er9e,Bleu_Cheese_Pursuits
eo2bze6,MicroOppression,eo29s9t,surfsusa
eo1q25p,MicroOppression,eo1na37,showerdudes9
eo2rwdu,Bleu_Cheese_Pursuits,eo1jghb,MicroOppression
eo1qc9x,showerdudes9,eo1q25p,MicroOppression
eo1re38,MicroOppression,eo1qc9x,showerdudes9
eo1ri61,showerdudes9,eo1re38,MicroOppression
eo1yv7j,MicroOppression,eo1ri61,showerdudes9
eo0imq3,bright-morningstar,enz7gym,MicroOppression
eo16hvi,ImReflexess,enz7gym,MicroOppression
eo98h2l,reditsdf23423,eo16hvi,ImReflexess
eo0yk83,teveza11,enz7gym,MicroOppression
eo13r63,pacjax,eo0yk83,teveza11
eo5oc01,teveza11,eo13r63,pacjax
eo43d7a,RightHandWolf,eo137nx,_nein_danke
eo5sk70,itiswr1tten,eo5r27o,Imperator_Red
eo5l980,FREECRACK6,eo4jtrn,CainPrice
eo8013s,redpill77,eo4jtrn,CainPrice
eo6lu2w,Distractingyou,eo4jtrn,CainPrice
eo8y19h,SalporinRP,eo49b1l,FereallyRed
eo9nb2h,FereallyRed,eo8y19h,SalporinRP
eo1kjd9,bossplayaintraining,eo192yd,urbanfoh
eo1o6dz,animalapemachine,eo1kjd9,bossplayaintraining
eo1vmw2,urbanfoh,eo1kjd9,bossplayaintraining
eo4s2vl,InSalts,eo1vmw2,urbanfoh
eo5o0np,urbanfoh,eo4s2vl,InSalts
eo7u61y,Tacale,eo4s2vl,InSalts
eo66r6t,InSalts,eo5o0np,urbanfoh
eo1607q,neveragoodtime,eo13bjl,warlordchad
eo16tc9,MattyAnon,eo1607q,neveragoodtime
eo14bt9,Irtotallynotrobot,eo13bjl,warlordchad
eo1og2e,Hjalmbere,eo13bjl,warlordchad
eo96pfp,djjeew,eo13bjl,warlordchad
eo1a0b7,Nicolas0631,eo178eq,DigitalDog0001
enxahwv,SKRedPill,enx44ya,GoingToMakeItBrahs
enxboaf,GoingToMakeItBrahs,enxahwv,SKRedPill
eo1lzo1,EvolvedVirus,enxahwv,SKRedPill
enxezyr,SKRedPill,enxboaf,GoingToMakeItBrahs
enxknys,GoingToMakeItBrahs,enxezyr,SKRedPill
enxw3fo,NabroleonBonaparte,enxezyr,SKRedPill
enyyrf3,,enx44ya,GoingToMakeItBrahs
enz5v8u,antifeminist3,enyyrf3,
enz1fzt,etucker546,enyyrf3,
enz1sow,THE_PINK_PILL,enz1fzt,etucker546
eo14g4s,antifeminist3,enz1sow,THE_PINK_PILL
enxgznp,LucidCunning,enxf6ce,HumanSockPuppet
enytfku,Auvergnat,enxf6ce,HumanSockPuppet
enywsgv,LucidCunning,enytfku,Auvergnat
enywv3d,jayb20133,enytfku,Auvergnat
eo0aay8,HumanSockPuppet,enytfku,Auvergnat
eo1plzu,scissor_me_timbers00,enytfku,Auvergnat
eo3mi65,Auvergnat,enywsgv,LucidCunning
eo3ls4s,Auvergnat,eo0aay8,HumanSockPuppet
eo3lotn,Auvergnat,eo1plzu,scissor_me_timbers00
eo0ghqj,Nicolas0631,enxf6ce,HumanSockPuppet
enxdufz,SKRedPill,enx3rug,iambecomechad1
eo1q2dy,scissor_me_timbers00,enxdufz,SKRedPill
enyzjjj,andreas-mgtow,enx1nbd,copasaurus
eny0ojd,fuze_me_69,enx1nbd,copasaurus
enxm9h4,GetMeLaidAlot,enx1nbd,copasaurus
eo4vxz3,SKRedPill,enx1nbd,copasaurus
eo2ejvq,iam_the-walrus,enx54br,TheImpossible1
eo2zpe1,TheImpossible1,eo2ejvq,iam_the-walrus
eo30eir,iam_the-walrus,eo2zpe1,TheImpossible1
eo30leq,TheImpossible1,eo30eir,iam_the-walrus
enxg0nt,parks39,enxb9xl,abramN
enxtwl3,swampbastard69,enxb9xl,abramN
enyid1m,MajesticPresentation,enxb9xl,abramN
eo807pw,yomo86,enxb9xl,abramN
enyc9k7,SilkTouchm,enx3evv,omega_dawg93
enyo1o8,omega_dawg93,enyc9k7,SilkTouchm
enyre8f,SilkTouchm,enyo1o8,omega_dawg93
enxjuv2,thatzombieoverthere,enxdw32,slappysq
eo14u19,hqckbjpxhtbvpqfw,enxjuv2,thatzombieoverthere
enxhuzh,parks39,enxbpar,huggyblossom
enyxb5r,InstigatingDrunk,enxtab6,MishtaBiggles
enxu2go,LucidCunning,enxtab6,MishtaBiggles
enxyrok,MishtaBiggles,enxu2go,LucidCunning
enyxg51,InstigatingDrunk,enxyrok,MishtaBiggles
enxdrad,McUserton,enx4ol3,leftajar
enxehju,leftajar,enxdrad,McUserton
eny59ai,itiswr1tten,enxehju,leftajar
enylzfg,dankmonty,enxehju,leftajar
enyxpch,InstigatingDrunk,eny59ai,itiswr1tten
eo0v7i4,redbossman123,enylzfg,dankmonty
enz031e,TheGweatandTewwible,enyxpch,InstigatingDrunk
eo20mci,Yakatonker,eo0v7i4,redbossman123
enx55bt,LucidCunning,enx4ol3,leftajar
enx59ti,TheImpossible1,enx4ol3,leftajar
eo5l2xh,himsenior,enx4ol3,leftajar
enx1ea5,Matador58,enx0kek,cafeitalia
enx1d99,TheGweatandTewwible,enx0kek,cafeitalia
enx6na4,Turkerthelurker,enx1d99,TheGweatandTewwible
enxbxzd,cafeitalia,enx1d99,TheGweatandTewwible
enxahrj,Gamwise_Samgee,enx1d99,TheGweatandTewwible
enyx1dz,InstigatingDrunk,enx1d99,TheGweatandTewwible
enxd8mt,voomer53,enx6na4,Turkerthelurker
enxc2fy,flashsouth,enx6na4,Turkerthelurker
enyznnr,TheGweatandTewwible,enxbxzd,cafeitalia
enxn6p1,McUserton,enxbxzd,cafeitalia
enxcyh3,McUserton,enxahrj,Gamwise_Samgee
enyyrcc,TheGweatandTewwible,enxahrj,Gamwise_Samgee
enyl8nb,dankmonty,enxd8mt,voomer53
eny09n0,EkMard,enxc2fy,flashsouth
eny2xzt,flashsouth,eny09n0,EkMard
eo2pfy5,Razkolol,enx0kek,cafeitalia
enxt9op,RiskyRewarder,enxrk4a,RiskyRewarder
eny4nii,itiswr1tten,enxt9op,RiskyRewarder
enyzari,TheGweatandTewwible,eny4nii,itiswr1tten
enxt0qx,LucidCunning,enxrk4a,RiskyRewarder
enxvka8,RiskyRewarder,enxt0qx,LucidCunning
eo1yeln,scissor_me_timbers00,enxvka8,RiskyRewarder
enyy0ps,InstigatingDrunk,enylqco,throwlaca
enyx0m0,Jwelou,enyswpv,gerwig
enx9ei2,LucidCunning,enx8qrr,flashsouth
enx9w9p,flashsouth,enx9ei2,LucidCunning
enxiw40,parks39,enx8qrr,flashsouth
enyxt8v,InstigatingDrunk,enxiw40,parks39
enxshsr,flashsouth,enxiw40,parks39
enxav6x,flashsouth,enx3sde,DixieWreckedJedi
enxcjai,Rimperator,enxav6x,flashsouth
enxd702,flashsouth,enxcjai,Rimperator
enxf31y,Rimperator,enxd702,flashsouth
enxfyri,flashsouth,enxf31y,Rimperator
enxgsao,Rimperator,enxfyri,flashsouth
enxijrm,flashsouth,enxgsao,Rimperator
enynsys,throwlaca,enxgsao,Rimperator
enxt08f,Rimperator,enxijrm,flashsouth
enyt2oj,Rimperator,enynsys,throwlaca
enxudv3,flashsouth,enxt08f,Rimperator
enyg5qq,SLEOFF,enxudv3,flashsouth
enz7x8m,Rimperator,enxudv3,flashsouth
enygnb4,flashsouth,enyg5qq,SLEOFF
eo0fqjs,flashsouth,enz7x8m,Rimperator
enytzxl,SLEOFF,enygnb4,flashsouth
eo0rbcv,Rimperator,eo0fqjs,flashsouth
enz9ro4,Rimperator,enytzxl,SLEOFF
enx4i2r,LucidCunning,enx3sde,DixieWreckedJedi
enx579t,DixieWreckedJedi,enx4i2r,LucidCunning
enx5ep5,LucidCunning,enx579t,DixieWreckedJedi
enx6f4n,DixieWreckedJedi,enx5ep5,LucidCunning
enx7hc5,itiswr1tten,enx6f4n,DixieWreckedJedi
enx8eia,Aggressive_Beta,enx6f4n,DixieWreckedJedi
eo1onxw,We_Are_Legion,enx6f4n,DixieWreckedJedi
eny2p6f,TheRedPike,enx7hc5,itiswr1tten
enx9dxd,DixieWreckedJedi,enx8eia,Aggressive_Beta
eny3566,itiswr1tten,eny2p6f,TheRedPike
enxbgar,Aggressive_Beta,enx9dxd,DixieWreckedJedi
enxbha9,DixieWreckedJedi,enxbgar,Aggressive_Beta
enxcayf,Aggressive_Beta,enxbha9,DixieWreckedJedi
enxeam7,DixieWreckedJedi,enxcayf,Aggressive_Beta
enxkk29,Aggressive_Beta,enxeam7,DixieWreckedJedi
enxphz9,DixieWreckedJedi,enxkk29,Aggressive_Beta
enxqq2p,Aggressive_Beta,enxphz9,DixieWreckedJedi
enxtdei,DixieWreckedJedi,enxqq2p,Aggressive_Beta
eny2gyv,Aggressive_Beta,enxtdei,DixieWreckedJedi
eny413t,AAThrowaway5,enx3sde,DixieWreckedJedi
enxjpw7,thatzombieoverthere,enx3sde,DixieWreckedJedi
enxilen,parks39,enx3sde,DixieWreckedJedi
enxrmh7,DixieWreckedJedi,enxilen,parks39
enyhowc,max_peenor,enxrmh7,DixieWreckedJedi
enxsjni,LucidCunning,enxrmh7,DixieWreckedJedi
enxv73g,DixieWreckedJedi,enxsjni,LucidCunning
enyog0v,throwlaca,enxsjni,LucidCunning
eny21cp,gjfarma,enxv73g,DixieWreckedJedi
enyt4qz,parks39,enxv73g,DixieWreckedJedi
eny3czj,LucidCunning,enxv73g,DixieWreckedJedi
eo5k11o,himsenior,eny21cp,gjfarma
enwcgey,nzjbruh,envdumg,Pezotecom
enwdy2p,PickleWickleton,enw0ey9,RPSilverfox
enwesug,nzjbruh,enwdy2p,PickleWickleton
enuk9b8,nzjbruh,enujf15,Brutal13
envfd6c,overwhelmingodds,enuk9b8,nzjbruh
envo9np,Greaterbird,enuk9b8,nzjbruh
eo0e0am,Nicolas0631,enuk9b8,nzjbruh
envqdbl,omega_dawg93,envborc,TheBadGoy
envjuip,Bleu_Cheese_Pursuits,envborc,TheBadGoy
eo0eey1,Nicolas0631,envborc,TheBadGoy
envqft9,Wolveryn,envborc,TheBadGoy
env96cx,GulpAndCry,enuowdw,That_Yossarian_smh
envs96b,That_Yossarian_smh,env96cx,GulpAndCry
enurjsp,RedUtopia,enuowdw,That_Yossarian_smh
enurejb,nzjbruh,enuowdw,That_Yossarian_smh
envqwns,That_Yossarian_smh,enurejb,nzjbruh
enxoh2y,raymondreamer,enurejb,nzjbruh
enw2kzh,nzjbruh,envneyy,Frenetic_Zetetic
enwcmdc,nzjbruh,envtlxl,wobbleelbbow
eo24d8d,nzjbruh,eo0ix8p,WanaxAgamemnon
enx96tk,nzjbruh,enx5g94,kymosabei
enxuej2,kymosabei,enx96tk,nzjbruh
eo0eo8c,Nicolas0631,enwerr8,Ask_Me_About_The_NAP
eo0ev3b,Nicolas0631,enxx7oy,NotBlameTruth
eo13dqa,randomTATRP,enxx7oy,NotBlameTruth
envq6sa,OSaraiva,envkgsd,Bleu_Cheese_Pursuits
enusijr,red_philosopher,enulydh,RedUtopia
enva2nv,GulpAndCry,enusijr,red_philosopher
enw24pi,nzjbruh,enusijr,red_philosopher
envrvr0,Wolveryn,enva2nv,GulpAndCry
enwjb9j,red_philosopher,enw24pi,nzjbruh
eo0f5kq,Nicolas0631,envrvr0,Wolveryn
enwkz83,nzjbruh,enwjb9j,red_philosopher
eo0f7tm,Wolveryn,eo0f5kq,Nicolas0631
enwl9ai,red_philosopher,enwkz83,nzjbruh
eo0nedm,Nicolas0631,eo0f7tm,Wolveryn
eo0fanz,Nicolas0631,enwl9ai,red_philosopher
enwm21b,nzjbruh,enwl9ai,red_philosopher
enwncjh,red_philosopher,enwm21b,nzjbruh
enwo3et,nzjbruh,enwncjh,red_philosopher
enwqfn1,red_philosopher,enwo3et,nzjbruh
enur8kb,nzjbruh,enulydh,RedUtopia
enuzuqr,_thechinaman_,enur8kb,nzjbruh
eo0fdmt,Nicolas0631,enur8kb,nzjbruh
enw0t8u,nzjbruh,enuzuqr,_thechinaman_
envqvr8,Wolveryn,enulydh,RedUtopia
enwxjrw,kymosabei,enulydh,RedUtopia
eo0ewds,Nicolas0631,enulydh,RedUtopia
eo0fn4c,Nicolas0631,enwy7ea,DarkSyde3000
eo0sd0o,DarkSyde3000,eo0fn4c,Nicolas0631
eo175b3,Nicolas0631,eo0sd0o,DarkSyde3000
eo200fz,nzjbruh,eo15tuj,nocehr
eo2zvps,nocehr,eo200fz,nzjbruh
enw0hen,nzjbruh,envpzeq,Wolveryn
enw9a68,Wolveryn,enw0hen,nzjbruh
eo0fpld,Nicolas0631,envpzeq,Wolveryn
eo0gx07,Wolveryn,eo0fpld,Nicolas0631
eo0lb8c,Nicolas0631,eo0gx07,Wolveryn
enwc06r,nzjbruh,enwasgx,SeasonedRP
enwfh2l,mrBatata,enwasgx,SeasonedRP
eo0fsrp,Nicolas0631,enwasgx,SeasonedRP
enrmpg5,Protocol_Apollo,enrhdjk,FereallyRed
enrwvkn,dkirkpatr,enrmpg5,Protocol_Apollo
enu7hmy,EvolvedVirus,enrmpg5,Protocol_Apollo
envtks0,andreas-mgtow,enrmpg5,Protocol_Apollo
ens353k,DreamExpedite,enrwvkn,dkirkpatr
ensnl7l,FereallyRed,enrwvkn,dkirkpatr
ensnbvk,MarcosDomingues,enrwvkn,dkirkpatr
entckxl,RightHandWolf,ensnl7l,FereallyRed
enszh6h,ac714,ensnbvk,MarcosDomingues
enrmqiy,AWorseManThanYou,enrhdjk,FereallyRed
ent5rpg,BrownGummyBear,enrmqiy,AWorseManThanYou
enu5fyt,blind_sypher99,ent5rpg,BrownGummyBear
eo65efx,Imperator_Red,enu5fyt,blind_sypher99
enrux3q,_do_not_read_this_,enrhdjk,FereallyRed
enrky3m,MedicalNothing,enrhdjk,FereallyRed
ens6tzp,RevolutionaryPea7,enrhdjk,FereallyRed
ent7grb,hazelstein,ens6tzp,RevolutionaryPea7
entgtx4,stoicbotanist,enrhdjk,FereallyRed
ensmb3e,donkey_democrat,enrhdjk,FereallyRed
ens185w,valenin,enrqvk0,UsernameIWontRegret
envidi2,darkzoloto,ens185w,valenin
ensnqv6,demilitarizdsm,enrqvk0,UsernameIWontRegret
enspmny,empatheticapathetic,enrqvk0,UsernameIWontRegret
enth11q,stoicbotanist,enrqvk0,UsernameIWontRegret
eo58gma,dza76wutang,enth11q,stoicbotanist
envgvgr,TriggeringEveryone,enrqvk0,UsernameIWontRegret
enwif27,TheRedPillMonkey,enrqvk0,UsernameIWontRegret
enrtslk,Sendmeloveletters,enrgal1,PIQAS
enrv30i,_do_not_read_this_,enrtslk,Sendmeloveletters
ens88xg,okuli,enrv30i,_do_not_read_this_
ensewt1,_do_not_read_this_,ens88xg,okuli
ensjrh0,MattyAnon,enrgal1,PIQAS
enrm8n5,_do_not_read_this_,enrgal1,PIQAS
enrtisl,PIQAS,enrm8n5,_do_not_read_this_
enrumz5,_do_not_read_this_,enrtisl,PIQAS
enz4noa,fdsafdasfdsafds,enrtisl,PIQAS
ens169e,dkirkpatr,enrtisl,PIQAS
eo0hl7e,PIQAS,enz4noa,fdsafdasfdsafds
enwwzll,TheGweatandTewwible,enrgal1,PIQAS
enri2ik,Cha_Cha_cho,enrgd6x,OSaraiva
ensk2zg,MattyAnon,enri2ik,Cha_Cha_cho
enterc8,Cha_Cha_cho,ensk2zg,MattyAnon
enslzuq,donkey_democrat,enrgd6x,OSaraiva
enssntg,OSaraiva,enslzuq,donkey_democrat
ens4bov,Ochialoc,enrz7za,Discofish50
ensm6wo,donkey_democrat,enrz7za,Discofish50
enuwu0p,grunge022,enrz7za,Discofish50
eo2cetu,SemiLoquacious,enrz7za,Discofish50
ensfnuh,Illiaan,enrnv23,CainPrice
enwahdt,MattyAnon,ensfnuh,Illiaan
eo3u8iw,majani,enwahdt,MattyAnon
eo40cjt,MattyAnon,eo3u8iw,majani
enrt2gf,C-Hoppe-r,enrnv23,CainPrice
enslkh3,SeamusAwl,enrt2gf,C-Hoppe-r
enss64b,C-Hoppe-r,enslkh3,SeamusAwl
enyvxnx,lotrlotr14,env9sxe,yomo86
eo1adi8,yomo86,enyvxnx,lotrlotr14
eo6cez4,Imperator_Red,ensvpkq,Nergaal
env0h8p,Pragmaticpandas,ensbt13,Ivabighairy1
env7pke,Ivabighairy1,env0h8p,Pragmaticpandas
enwakpq,MattyAnon,ensbt13,Ivabighairy1
ent5c4j,classysocks423,ensbt13,Ivabighairy1
enug7wb,ProFriendZoner,ent5c4j,classysocks423
enw3uqe,HBenedek38,ent5c4j,classysocks423
enw9bxe,classysocks423,enw3uqe,HBenedek38
enwdevx,HBenedek38,enw9bxe,classysocks423
enwflx8,classysocks423,enwdevx,HBenedek38
enwfxlv,HBenedek38,enwflx8,classysocks423
enwmvpi,classysocks423,enwfxlv,HBenedek38
envbemi,celincelin,ensbt13,Ivabighairy1
envsdd5,ChrimsonChin988,ensbt13,Ivabighairy1
enz5rn0,fdsafdasfdsafds,ensi1oi,rnsbrum
enz9cax,rnsbrum,enz5rn0,fdsafdasfdsafds
enzaaso,fdsafdasfdsafds,enz9cax,rnsbrum
enzduuj,rnsbrum,enzaaso,fdsafdasfdsafds
eo0mv6o,fdsafdasfdsafds,enzduuj,rnsbrum
ens3ak5,DreamExpedite,enrs34h,
env3eny,TheGweatandTewwible,ensgwk9,OfficerWade
env9jv4,throw_it_away_like,env3eny,TheGweatandTewwible
ent2uuh,Distractingyou,ensqdfa,AmazingNone
enrqr2q,bsutansalt,enodngb,ahackercalled4chan
enphxu8,Auvergnat,enp0w7p,simplecountry_lawyer
enq7pun,Cods_gift_to_reddit,enphxu8,Auvergnat
enr6930,MaxWyght,enphxu8,Auvergnat
enr787z,Diche_Bach,enphxu8,Auvergnat
enshvfk,RevolutionaryPea7,enphxu8,Auvergnat
eo3mlbd,Auvergnat,enr6930,MaxWyght
entrcji,bluesnsouls,enr6930,MaxWyght
eo57g59,bothnian-spy,enr6930,MaxWyght
enrgu2v,iLLprincipLeS,enr787z,Diche_Bach
enys1vv,umizumiz,enr787z,Diche_Bach
entztcu,Chaddeus_Rex,entrcji,bluesnsouls
enrh1xp,Diche_Bach,enrgu2v,iLLprincipLeS
enrsn0v,bostezo22,enrgu2v,iLLprincipLeS
enwbca9,sebastianconcept,enrgu2v,iLLprincipLeS
eo1cho0,aduar,enrgu2v,iLLprincipLeS
enu5vee,Chaddeus_Rex,enrgu2v,iLLprincipLeS
eo3natt,iLLprincipLeS,enys1vv,umizumiz
enyzoqz,Diche_Bach,enys1vv,umizumiz
env5zwk,LavochkinSocDem,entztcu,Chaddeus_Rex
enu1f1h,bluesnsouls,entztcu,Chaddeus_Rex
enskp8d,wrekd,enrh1xp,Diche_Bach
enxg1xk,MentORPHEUS,enu5vee,Chaddeus_Rex
envvbls,codingbuffnerd,enu5vee,Chaddeus_Rex
eo591ql,Imperator_Red,enu5vee,Chaddeus_Rex
enu6gpf,Chaddeus_Rex,enu1f1h,bluesnsouls
eo1ta3l,Chaddeus_Rex,enxg1xk,MentORPHEUS
eoafhsq,Chaddeus_Rex,eo591ql,Imperator_Red
env7fko,bluesnsouls,enu6gpf,Chaddeus_Rex
eo32sk2,adminsaregayniggers,enu6gpf,Chaddeus_Rex
envng5l,Chaddeus_Rex,env7fko,bluesnsouls
enp7u5e,James_Rustler_,enp0w7p,simplecountry_lawyer
enqjijy,MoDuReddit,enp7u5e,James_Rustler_
enpeizn,Jkrew,enp0w7p,simplecountry_lawyer
enrum97,himsenior,enp0w7p,simplecountry_lawyer
enshv8k,scissor_me_timbers00,enrum97,himsenior
eo59cyb,Imperator_Red,enrum97,himsenior
enswu94,himsenior,enshv8k,scissor_me_timbers00
eo5fl7f,himsenior,eo59cyb,Imperator_Red
envsoeb,Plethora_Ethereal,enswu94,himsenior
enron9l,rpkarma,enp0w7p,simplecountry_lawyer
envorms,ScoobySquats,enp0w7p,simplecountry_lawyer
enq0eoq,riggedved,enond9h,gastrocks
enq3b4z,inittowinit777,enq0eoq,riggedved
enq4bh7,tunsku,enq0eoq,riggedved
enq38i0,WillemDabro,enq0eoq,riggedved
enu0ozo,empatheticapathetic,enq38i0,WillemDabro
enu3ujk,hazelstein,enu0ozo,empatheticapathetic
ent6227,UrgotMilk,enond9h,gastrocks
enrqm0i,GMotor,enoee4h,grabthecactus
enu0cbp,empatheticapathetic,enrqm0i,GMotor
enoleb6,catbrainland,eno7u85,whuttupfoo
enos5vf,Bad_nuggets69,enoleb6,catbrainland
enp3nm6,kellykebab,enoleb6,catbrainland
enp5yjb,wendysNO1wcheese,enoleb6,catbrainland
enotrx8,catbrainland,enos5vf,Bad_nuggets69
ens3mr8,catbrainland,enp3nm6,kellykebab
enp4izl,AlexDr0ps,enotrx8,catbrainland
enxp39e,kellykebab,ens3mr8,catbrainland
entgv0c,hazelstein,ens3mr8,catbrainland
enxpear,catbrainland,enxp39e,kellykebab
enxr67v,kellykebab,enxpear,catbrainland
enxt689,catbrainland,enxr67v,kellykebab
enyib45,kellykebab,enxt689,catbrainland
enymbar,catbrainland,enyib45,kellykebab
enyt599,kellykebab,enymbar,catbrainland
enytm23,catbrainland,enyt599,kellykebab
enywq4a,kellykebab,enytm23,catbrainland
enpqtb8,quarthomon,enogxkw,stigma17
enq3gd1,WillemDabro,enpqtb8,quarthomon
enrskq6,Strictlyformischief,enq3gd1,WillemDabro
enu3oxv,hazelstein,enrskq6,Strictlyformischief
enstf2c,wrekd,enoyigw,geo_gan
ent67qo,UrgotMilk,enoyigw,geo_gan
enth5cb,hazelstein,enp6jww,VoltronsLionDick
enpi33u,SpinPlates,enoakoz,Irtotallynotrobot
enqg8ke,AreOut,enpi33u,SpinPlates
enqpnk7,SpinPlates,enqg8ke,AreOut
enqxux6,spungebawbswegpants,enohfca,redpect
enosaer,good_guy_submitter,enonf1y,ZestyyyClamMeat
enpfkgv,jewishsupremacist88,enonf1y,ZestyyyClamMeat
enrieay,PrincetonNarcissist,enpfkgv,jewishsupremacist88
enqg6db,AreOut,enpfkgv,jewishsupremacist88
enqj0c0,,enqg6db,AreOut
enridnt,PrincetonNarcissist,enqj0c0,
enqkn7x,AreOut,enqj0c0,
enqjocj,TheStumblingWolf,enonf1y,ZestyyyClamMeat
enqv2gs,throwlaca,enqjocj,TheStumblingWolf
enoypgk,cowsgobarkbark,enomvtn,PhotonParable
enp7rci,James_Rustler_,enomvtn,PhotonParable
enqqdyj,TheImpossible1,enqhhbx,MatSapientia
enthlea,hazelstein,enqhhbx,MatSapientia
enrieu6,GandMeChattri,enowiqh,AshyLarry27
eo2cumc,EPArt,enrieu6,GandMeChattri
enpoqvd,civilizedfrog,enpihk6,warfarinrx
enyi8va,MentORPHEUS,enpoqvd,civilizedfrog
enpmp9c,420KUSHBUSH,enpihk6,warfarinrx
enpn0h6,420KUSHBUSH,enp0jnv,randomfire9
ent6tvp,wrekd,enp0jnv,randomfire9
enwcygt,sebastianconcept,enp0jnv,randomfire9
eo0ckou,JohnIan101,enprieo,TheImpossible1
enxd328,xjx545,entrqek,AAThrowaway5
enxgmu0,AAThrowaway5,enxd328,xjx545
eo8v0dw,EnolaGay,enxgmu0,AAThrowaway5
eo4mnu0,RedKingRising,entrqek,AAThrowaway5
enunqow,TheRedPike,entc3lh,CainPrice
enrmoe3,RightHandWolf,enpsfw5,alexzang
enygdav,rukken,eny6ycy,Tyrfang91
enrcj2z,,enr1myn,
enp1l2g,,enor9oy,
enp3kpj,,enp1l2g,
enqf798,,enp1l2g,
ens4wbv,Halitenina,enp1l2g,
enp4vyl,,enp3kpj,
enqfxic,,enqf798,
enp6y6x,,enp4vyl,
enqpbl7,,enqfxic,
enp83jc,,enp6y6x,
enqq9l7,,enqpbl7,
enpn39s,,enp83jc,
enqqw6c,,enqq9l7,
enob9vl,rokr10,enn21hz,rpsheepdog
enolh8c,doorterblack,enob9vl,rokr10
ent92q6,ozyastro,enob9vl,rokr10
enq4rq1,KeffirLime,enn21hz,rpsheepdog
ennn2jv,_do_not_read_this_,enneeou,warlordchad
enog2qo,mountainbiker178,ennn2jv,_do_not_read_this_
eno82h1,8380atgmaildotcom,ennn2jv,_do_not_read_this_
enq78kb,FREECRACK6,ennn2jv,_do_not_read_this_
enptntq,BlindingTwilight,ennn2jv,_do_not_read_this_
enrgfmf,Imperator_Red,ennn2jv,_do_not_read_this_
enoienw,_do_not_read_this_,enog2qo,mountainbiker178
enougkn,party_dragon,enog2qo,mountainbiker178
eno8uqr,_do_not_read_this_,eno82h1,8380atgmaildotcom
enrr013,_do_not_read_this_,enrgfmf,Imperator_Red
enqzdfz,_do_not_read_this_,enougkn,party_dragon
enobr3b,8380atgmaildotcom,eno8uqr,_do_not_read_this_
enr2d2r,party_dragon,enqzdfz,_do_not_read_this_
enocmqw,_do_not_read_this_,enobr3b,8380atgmaildotcom
enq9ale,whiffofass,enobr3b,8380atgmaildotcom
enr5h40,_do_not_read_this_,enr2d2r,party_dragon
enq9nsk,throwlaca,enocmqw,_do_not_read_this_
enuyyyc,8380atgmaildotcom,enq9ale,whiffofass
enr6q12,party_dragon,enr5h40,_do_not_read_this_
enqvyah,_do_not_read_this_,enq9nsk,throwlaca
enr8ab7,_do_not_read_this_,enr6q12,party_dragon
ento6za,Yousuflol,enr8ab7,_do_not_read_this_
ens17ln,redhawkes,enneeou,warlordchad
eo1lzc5,Nicolas0631,enneeou,warlordchad
enna4dh,ahackercalled4chan,enn3rpd,_do_not_read_this_
eno1s7q,throw_it_away_like,enn3rpd,_do_not_read_this_
enql69v,keepfreshalive,eno1s7q,throw_it_away_like
env0xjo,throw_it_away_like,enql69v,keepfreshalive
enr05v0,_do_not_read_this_,enql69v,keepfreshalive
enp9i80,Andgelyo,enn3rpd,_do_not_read_this_
enngjvw,AlaskanCalifornian,enndpmh,broek_325
ennw4d7,Imalostman_,enngjvw,AlaskanCalifornian
ennt5f7,420KUSHBUSH,enngjvw,AlaskanCalifornian
enp3rul,pacjax,enngjvw,AlaskanCalifornian
eno712j,_do_not_read_this_,ennw4d7,Imalostman_
enp3gnx,MilkMoney111,ennw4d7,Imalostman_
enr0kvy,_do_not_read_this_,enp3gnx,MilkMoney111
ennlmxm,omega_dawg93,enndpmh,broek_325
ennn3y6,ImNotSue,enndpmh,broek_325
eno7cil,_do_not_read_this_,ennn3y6,ImNotSue
ennl2mw,flipwater,enndpmh,broek_325
enp40kc,pacjax,ennl2mw,flipwater
ensd89g,flipwater,enp40kc,pacjax
ensdpvu,pacjax,ensd89g,flipwater
ensiynz,flipwater,ensdpvu,pacjax
env5lje,TheGweatandTewwible,ensiynz,flipwater
ennt6pq,SexdictatorLucifer,enndpmh,broek_325
ennvia2,UnbreakableFrame,enndpmh,broek_325
eno7oxj,empatheticapathetic,ennvia2,UnbreakableFrame
enodczg,UnbreakableFrame,eno7oxj,empatheticapathetic
enneysf,TheImpossible1,enndpmh,broek_325
enor3zw,EkMard,ennjjbj,LukeVTruth
env6ne8,TheGweatandTewwible,ennjjbj,LukeVTruth
enn88ro,wildtimes3,enn22sa,GodOfDinosaurs
ennatgt,GodOfDinosaurs,enn88ro,wildtimes3
enn9yx5,SexdictatorLucifer,enn88ro,wildtimes3
ennbzxr,SexdictatorLucifer,ennatgt,GodOfDinosaurs
enni27y,GodOfDinosaurs,ennbzxr,SexdictatorLucifer
enly212,Mushonix,enlj6tl,theunconquored
enlwzdw,NorthEasternNomad,enlj6tl,theunconquored
enqhdbl,rg24,enlwzdw,NorthEasternNomad
enrh7fc,Imperator_Red,enlwzdw,NorthEasternNomad
enrretr,NorthEasternNomad,enrh7fc,Imperator_Red
enm5mx5,drsherbert,enlj6tl,theunconquored
enomxwp,throwlaca,enm5mx5,drsherbert
enm8wdj,Psychological_Radish,enlj6tl,theunconquored
enn6229,kovyakov,enlj6tl,theunconquored
enlpoou,omega_dawg93,enlj6tl,theunconquored
enmpz3a,TheEgyptianConqueror,enlpoou,omega_dawg93
enmt47y,theunconquored,enlpoou,omega_dawg93
enlvl12,BrownGummyBear,enlpoou,omega_dawg93
enpc50q,BuzzLightGear321,enlpoou,omega_dawg93
ennbk55,MarcosDomingues,enlpoou,omega_dawg93
enmtmfi,moroots,enmpz3a,TheEgyptianConqueror
enmwyff,omega_dawg93,enmt47y,theunconquored
enoncpi,Uesugi1989,enmt47y,theunconquored
enlw2dw,omega_dawg93,enlvl12,BrownGummyBear
enneiri,omega_dawg93,ennbk55,MarcosDomingues
enq8ykn,MarcosDomingues,enneiri,omega_dawg93
enr35jt,omega_dawg93,enq8ykn,MarcosDomingues
enrcjq5,MarcosDomingues,enr35jt,omega_dawg93
enrqma6,Bone_Coat,enr35jt,omega_dawg93
enrri3j,omega_dawg93,enrqma6,Bone_Coat
enly7n8,Mushonix,enlj6tl,theunconquored
enlle6e,sebastianconcept,enlj6tl,theunconquored
enmq2rd,0kool74,enlj6tl,theunconquored
enokgc1,raggot_the_legendary,enlj6tl,theunconquored
enm70xy,himsenior,enlk86w,notdoreen
enrbpkl,fuze_me_69,enm70xy,himsenior
enmhvat,noots123123,enm70xy,himsenior
enredcp,,enrbpkl,fuze_me_69
enmn9l4,himsenior,enmhvat,noots123123
enn9ylh,RedDeadlift,enmhvat,noots123123
enn9s4f,AlaskanCalifornian,enmhvat,noots123123
enosf6w,EkMard,enmhvat,noots123123
enqhign,rg24,enmhvat,noots123123
enrhtx6,Imperator_Red,enredcp,
enmq40t,TheEgyptianConqueror,enmn9l4,himsenior
enns87e,urbanfoh,enn9s4f,AlaskanCalifornian
enrhkqh,Imperator_Red,enn9s4f,AlaskanCalifornian
enlln79,sebastianconcept,enlk86w,notdoreen
enlnfdz,entrep4,enlln79,sebastianconcept
enlx83y,NorthEasternNomad,enlln79,sebastianconcept
enmtu5a,WeRAllOnThisBlessedD,enlnfdz,entrep4
enlo9uo,sebastianconcept,enlnfdz,entrep4
ennb6is,RightHandWolf,enmtu5a,WeRAllOnThisBlessedD
enlusqh,majaka1234,enlo9uo,sebastianconcept
enrbxpf,fuze_me_69,enlwu3k,MattyAnon
enrrwfa,Bone_Coat,enrbxpf,fuze_me_69
ensjgbj,MattyAnon,enrbxpf,fuze_me_69
enwvba4,TheGodHunter,enlmnon,F_Morrison
enn9zm9,AlaskanCalifornian,enlk6mu,Rupturednutsack
enri8b8,Imperator_Red,enmhhq8,noots123123
enmp7jq,quarthomon,enlsekh,iambecomechad1
enpf5lp,Distractingyou,enmp7jq,quarthomon
enlw5i5,WakeUpAlreadyDude,enlr5wh,brabg
enlwxcc,brabg,enlw5i5,WakeUpAlreadyDude
enmi7t0,noots123123,enlw5i5,WakeUpAlreadyDude
enp8osy,123TxB,enlwxcc,brabg
enrb2p2,brabg,enp8osy,123TxB
enizmgw,BobbyPeru,enilbmj,whuttupfoo
enk3knl,EvolvedVirus,enizmgw,BobbyPeru
enixcuo,SexdictatorLucifer,enilbmj,whuttupfoo
enj06nk,manlycooljay,enixcuo,SexdictatorLucifer
enj0u0c,RedForEducation,enj06nk,manlycooljay
enj27x4,manlycooljay,enj0u0c,RedForEducation
enj4uay,RedForEducation,enj27x4,manlycooljay
enj1ai2,Pragmaticpandas,enilbmj,whuttupfoo
enir6h4,Truedemocracy4,enilbmj,whuttupfoo
enj1xvt,ex_addict_bro,enilbmj,whuttupfoo
enj6jyw,420KUSHBUSH,enilbmj,whuttupfoo
enk8336,HostandPony,enilbmj,whuttupfoo
enjbbr9,nofilmynofucky,enilbmj,whuttupfoo
enk3eo5,EvolvedVirus,enilbmj,whuttupfoo
enkfexs,whuttupfoo,enk3eo5,EvolvedVirus
enkkqor,EvolvedVirus,enkfexs,whuttupfoo
enj6w2x,420KUSHBUSH,enihhf6,FieldLine
enije1f,The_BitterTruth,enihhf6,FieldLine
enim7om,FieldLine,enije1f,The_BitterTruth
enio2r9,The_BitterTruth,enim7om,FieldLine
enjdlxi,DreamExpedite,enio2r9,The_BitterTruth
enle6px,RedForEducation,enjdlxi,DreamExpedite
enib6a3,GayLubeOil,eni9plv,RedForEducation
enilwe9,SpiritStatic,enib6a3,GayLubeOil
enmlpt4,TheRedPike,enib6a3,GayLubeOil
enjuxg2,PerplexingPegasus_,enib6a3,GayLubeOil
enjxytm,verumvelfalsum,enib6a3,GayLubeOil
eniv47z,che5568,enib6a3,GayLubeOil
enitq48,HomeHeatingTips,enib6a3,GayLubeOil
eniuiw1,tyronethejabrone,enilwe9,SpiritStatic
enk03ud,GayLubeOil,enjxytm,verumvelfalsum
enjt32n,verumvelfalsum,eniv47z,che5568
enj136s,RedForEducation,enitq48,HomeHeatingTips
enj48j2,GayLubeOil,enitq48,HomeHeatingTips
enko326,NigerianChad,enj48j2,GayLubeOil
enkst7h,GayLubeOil,enko326,NigerianChad
enkwpqj,NigerianChad,enkst7h,GayLubeOil
ent2j50,RedForEducation,enkwpqj,NigerianChad
enl3tr9,XXXMersenne,enkwpqj,NigerianChad
enl6ay0,NigerianChad,enl3tr9,XXXMersenne
enibi1h,The_BitterTruth,eni9plv,RedForEducation
eniam6c,Shaney96,eni9plv,RedForEducation
eniodsi,RedForEducation,eniam6c,Shaney96
enjddup,Karmanarnar,eniodsi,RedForEducation
enjtvgs,verumvelfalsum,eniodsi,RedForEducation
enl03jj,Shaney96,enjddup,Karmanarnar
enldido,RedForEducation,enjtvgs,verumvelfalsum
enibq8s,_do_not_read_this_,eni9plv,RedForEducation
enie2o4,The_BitterTruth,eni9plv,RedForEducation
enio79y,RedForEducation,enie2o4,The_BitterTruth
enifz14,Helenoftroysboytoy,enie2o4,The_BitterTruth
enixunp,Sonny_Luna,enie2o4,The_BitterTruth
eniy0wy,Beegoop,enio79y,RedForEducation
ent2q4d,RedForEducation,eniy0wy,Beegoop
eniqn0a,Whopper_Jr,enibmi1,_do_not_read_this_
enju4fo,verumvelfalsum,enio46y,Pokeylaw
enj3hxp,throwlaca,eniupna,Beegoop
enj4840,Beegoop,enj3hxp,throwlaca
enfat5i,CSauceHockey,enfapdn,457755263
enfb36e,457755263,enfat5i,CSauceHockey
enhbt80,UniversalFapture,enfat5i,CSauceHockey
enfifk2,BobbyPeru,enfb36e,457755263
enfbcy3,CSauceHockey,enfb36e,457755263
enhnpe9,CSauceHockey,enhbt80,UniversalFapture
enfitll,457755263,enfifk2,BobbyPeru
enfc26m,457755263,enfbcy3,CSauceHockey
enfm0wz,BobbyPeru,enfitll,457755263
enfc5ss,CSauceHockey,enfc26m,457755263
enfgobh,bakamoney,enfc26m,457755263
enfc9ki,457755263,enfc5ss,CSauceHockey
enfsmnh,cursedflame,enfc5ss,CSauceHockey
enfhqg8,457755263,enfgobh,bakamoney
enfim30,BobbyPeru,enfgobh,bakamoney
engb35b,gainz74,enfsmnh,cursedflame
engjh3m,itiswr1tten,engb35b,gainz74
engky0o,gainz74,engjh3m,itiswr1tten
enhnt6e,CSauceHockey,engjh3m,itiswr1tten
enhj0fn,Goljuf,enfno8p,DiskKiller2
enoq5dz,throwawaythequays,enhj0fn,Goljuf
engufd2,redcontrition,engj4il,JonathanforDayzzz
engcj0t,throwlaca,enfsroc,Amitesh007
engoah1,xStrikee,engcj0t,throwlaca
engem9v,catriel25,enfgayl,bakamoney
enfit3a,BobbyPeru,enfgayl,bakamoney
enh8fbh,IncelNoMore,eng9q6s,Junahill
eni17b1,fdsafdasfdsafds,enh8fbh,IncelNoMore
eo9q20s,Soon_As_I_Nut,enh8fbh,IncelNoMore
eni03ng,fdsafdasfdsafds,eng9q6s,Junahill
eo9q8ny,Soon_As_I_Nut,eni03ng,fdsafdasfdsafds
enoq9ze,,engnye5,fearofgod1
enp4drz,fearofgod1,enoq9ze,
engbmog,gainz74,eng26a0,GioChan
engrv13,excaliboor,eng26a0,GioChan
enhejwp,GioChan,engrv13,excaliboor
enhr4wp,CSauceHockey,enhejwp,GioChan
enhwm5n,andreas-mgtow,eng26a0,GioChan
enlac50,GioChan,enhwm5n,andreas-mgtow
enjx702,6sterile6,enhwm5n,andreas-mgtow
eni82n1,Triumph_of_Will,enhwm5n,andreas-mgtow
enpulen,andreas-mgtow,enlac50,GioChan
enpv30o,andreas-mgtow,enjx702,6sterile6
enlapzy,GioChan,eni82n1,Triumph_of_Will
enqpsyg,GioChan,enpulen,andreas-mgtow
env5qdf,andreas-mgtow,enqpsyg,GioChan
envsc69,GioChan,env5qdf,andreas-mgtow
envtbbi,andreas-mgtow,envsc69,GioChan
enwblv9,GioChan,envtbbi,andreas-mgtow
eo0ixno,reversec,eni0ngh,HBenedek38
enhr71z,CSauceHockey,engd6nf,fcukymleif
eni24ac,HBenedek38,engxkvz,hmsthinkingmeat
engsasr,excaliboor,engocno,ex_addict_bro
engofwc,CSauceHockey,engocno,ex_addict_bro
enh1rrw,fed_express93,engofwc,CSauceHockey
enhtst0,ex_addict_bro,engofwc,CSauceHockey
enhraqk,CSauceHockey,enh1rrw,fed_express93
enib8s2,NotBlameTruth,enhtst0,ex_addict_bro
enhuomq,fed_express93,enhraqk,CSauceHockey
enisehl,ex_addict_bro,enib8s2,NotBlameTruth
enjneaq,CSauceHockey,enib89w,
eo1kqu7,EvolvedVirus,enehk9n,DiSysmic
eo4d9hw,sebastianconcept,eo1kqu7,EvolvedVirus
enef8ng,MatrixofLe3adership,eneck6l,zzmxncbv
engp01w,ex_addict_bro,engf52j,RStonePT
engvn7g,RStonePT,engp01w,ex_addict_bro
enh59th,max_peenor,engvn7g,RStonePT
enhhvkz,RStonePT,enh59th,max_peenor
enhtylt,ex_addict_bro,enh59th,max_peenor
engzibb,FieldLine,engf52j,RStonePT
enhi4wa,RStonePT,engzibb,FieldLine
enjqym2,verumvelfalsum,engbtef,TheBadGoy
enlq91i,BurnoutRS,enjqym2,verumvelfalsum
enfvt9s,AGallopingMonkey,enfpl08,besantos10
enfzuku,besantos10,enfvt9s,AGallopingMonkey
engdwtk,matamor,enfzuku,besantos10
enh5k0u,max_peenor,enfpl08,besantos10
enh78vt,besantos10,enh5k0u,max_peenor
enhj09f,max_peenor,enh78vt,besantos10
enhjwqx,besantos10,enhj09f,max_peenor
enjvbs5,verumvelfalsum,enhjwqx,besantos10
eo1fomw,xdrunkagainx,enjvbs5,verumvelfalsum
enfvb53,insertcredit2,enfpl08,besantos10
eng0jig,besantos10,enfvb53,insertcredit2
enh7aoy,max_peenor,eng0jig,besantos10
engb96u,redpillcad,eng0jig,besantos10
engtk5t,halfback910,engb96u,redpillcad
engj9la,besantos10,engb96u,redpillcad
enh7fld,besantos10,engtk5t,halfback910
enioqv9,redpillcad,engtk5t,halfback910
enionn4,redpillcad,engj9la,besantos10
enj040p,ex_addict_bro,enionn4,redpillcad
englet7,omega_dawg93,enfpl08,besantos10
ens0v10,,englet7,omega_dawg93
ensc27k,omega_dawg93,ens0v10,
eng34l7,maddenmadman,enfpl08,besantos10
enmvkkn,max_peenor,enmm51i,Scandinavianredpill
enyt9im,reallytalkative_not,enjdt4x,Platinum247365
enut9zm,max_peenor,ent53o5,deep_in_my_mind
enutlkx,deep_in_my_mind,enut9zm,max_peenor
encezi8,KeffirLime,enc7b5u,GirTheRobot
encl55q,fdsafdasfdsafds,encezi8,KeffirLime
end8b63,dominicthetiger,encezi8,KeffirLime
encmum6,KeffirLime,encl55q,fdsafdasfdsafds
end5i4r,ShadowInSoul,encl55q,fdsafdasfdsafds
encu8fy,riggedved,encl55q,fdsafdasfdsafds
enfbsk4,traditional_goose,end8b63,dominicthetiger
end28nq,bsutansalt,encmum6,KeffirLime
endzmpu,fdsafdasfdsafds,end5i4r,ShadowInSoul
end6pef,dontforgetthispw,encu8fy,riggedved
endj10n,silvertongue93,end28nq,bsutansalt
eoaqyhd,IncelNoMore,end28nq,bsutansalt
endiptp,acithetic,end6pef,dontforgetthispw
enfkh2w,BobbyPeru,endj10n,silvertongue93
eoasti6,bsutansalt,eoaqyhd,IncelNoMore
enf4it9,riggedved,endiptp,acithetic
enfp5x1,silvertongue93,enfkh2w,BobbyPeru
enfbmdw,traditional_goose,enf4it9,riggedved
enfkxbu,BobbyPeru,enf4it9,riggedved
enfpc7w,BobbyPeru,enfp5x1,silvertongue93
enftx43,riggedved,enfbmdw,traditional_goose
ensynbm,RealisticKiwi,enfkxbu,BobbyPeru
enftnrz,riggedved,enfkxbu,BobbyPeru
enmiek7,himanshudash,enc7b5u,GirTheRobot
enmj8bs,LongElm,enc7b5u,GirTheRobot
enc8upq,Sparky159,enc89gd,
encs5w4,DreamExpedite,enc4id8,KeffirLime
encvf3s,KeffirLime,encs5w4,DreamExpedite
enfccn0,traditional_goose,encvf3s,KeffirLime
enekbl9,mrBatata,encvf3s,KeffirLime
enhhu23,greenlittleman,enekbl9,mrBatata
enhkqdw,mrBatata,enhhu23,greenlittleman
enjypyb,Distractingyou,enhkqdw,mrBatata
enke7xe,greenlittleman,enhkqdw,mrBatata
enofihv,mrBatata,enjypyb,Distractingyou
enogz9w,mrBatata,enke7xe,greenlittleman
enrfsln,greenlittleman,enogz9w,mrBatata
ence135,dontforgetthispw,enc4id8,KeffirLime
encislb,KeffirLime,ence135,dontforgetthispw
enfop0k,ChrimsonChin988,ence135,dontforgetthispw
encj87e,tyronethejabrone,ence135,dontforgetthispw
enfl8dn,BobbyPeru,ence135,dontforgetthispw
encjjcf,dontforgetthispw,encislb,KeffirLime
enclqr1,dontforgetthispw,encj87e,tyronethejabrone
enffx6l,traditional_goose,encj87e,tyronethejabrone
enckp5d,KeffirLime,encjjcf,dontforgetthispw
encll40,fdsafdasfdsafds,encjjcf,dontforgetthispw
enckxzs,GirTheRobot,encjjcf,dontforgetthispw
encl3jf,tyronethejabrone,encjjcf,dontforgetthispw
enco0j2,tyronethejabrone,enclqr1,dontforgetthispw
end7c86,SeasonedRP,enckp5d,KeffirLime
enflsbn,BobbyPeru,enckp5d,KeffirLime
enfp36g,ChrimsonChin988,enckp5d,KeffirLime
enj11hb,manlycooljay,enflsbn,BobbyPeru
eo3mms0,volvostupidshit,enj11hb,manlycooljay
encntjo,Zech4riah,enc4id8,KeffirLime
encpk86,KeffirLime,encntjo,Zech4riah
enj1npc,manlycooljay,encpk86,KeffirLime
encl5k5,Sparky159,encjmdj,Andgelyo
ene85xz,frooschnate,encl5k5,Sparky159
encx9ut,unn4med,encl5k5,Sparky159
encjeym,Sparky159,encc38i,omega_dawg93
enctphx,omega_dawg93,encjeym,Sparky159
enfpoxb,ChrimsonChin988,encc38i,omega_dawg93
enct39t,just_sauce,encc38i,omega_dawg93
end3lxy,omega_dawg93,enct39t,just_sauce
encefgt,ProkofievProkofiev2,enc8hl8,Phaeer
enccgup,Howdoiusesync,enc8hl8,Phaeer
encdy8w,SKRedPill,enc8hl8,Phaeer
enf0tlg,22oregon22,enc8hl8,Phaeer
enfqb8k,ChrimsonChin988,enc8hl8,Phaeer
enfu8y6,Phaeer,enfqb8k,ChrimsonChin988
end5w7m,420KUSHBUSH,enc8hl8,Phaeer
end6423,420KUSHBUSH,end5w7m,420KUSHBUSH
enh7cpu,Chaddeus_Rex,encxsqg,Frontestgecko
enhpr94,Frontestgecko,enh7cpu,Chaddeus_Rex
enec3oz,think_9090909,encxsqg,Frontestgecko
ennztls,Pragmaticpandas,enec3oz,think_9090909
ench6m6,BazingaBen,encepri,EkMard
enc9pdi,TwentyEighteen,enbu0ir,KarlskyWB
encorag,KarlskyWB,enc9pdi,TwentyEighteen
enbweje,Sparky159,enbu0ir,KarlskyWB
enbvb04,Hombremaniac,enbu0ir,KarlskyWB
enbv7y1,FearGarbhArMait,enbu0ir,KarlskyWB
enbwnqu,Sparky159,enbv7y1,FearGarbhArMait
encaqwp,BACONisKEWLEST,enbwnqu,Sparky159
enc31rz,monkeemagik,enbu0ir,KarlskyWB
enej2bk,Sparky159,eneaijv,Ass_to_grass_son
enejcoe,Sparky159,eneegp6,ahab_dies
encw0xw,Sparky159,encrvqh,Aesthetik_1
end8rpi,Andgelyo,encrvqh,Aesthetik_1
enfqo5u,ChrimsonChin988,enez9fc,14Einsatzgruppen88
enfr2c4,14Einsatzgruppen88,enfqo5u,ChrimsonChin988
enh3o7w,MindFuktd,enfr2c4,14Einsatzgruppen88
enh980m,0kool74,enfr2c4,14Einsatzgruppen88
enh90b8,0kool74,enez9fc,14Einsatzgruppen88
ene0j0k,Sparky159,endzi3b,
enc6lwp,HumanSockPuppet,enc3yfr,AAThrowaway5
enc8cx2,Sparky159,enc6lwp,HumanSockPuppet
encbmxt,HumanSockPuppet,enc8cx2,Sparky159
enc5d6y,Sparky159,enc3yfr,AAThrowaway5
enccs82,themackattack90,enc5d6y,Sparky159
enc5ojp,AAThrowaway5,enc5d6y,Sparky159
encit46,Sparky159,enccs82,themackattack90
enc5x0s,Sparky159,enc5ojp,AAThrowaway5
enk1dxp,Distractingyou,enc5ojp,AAThrowaway5
encpf1e,daveed1297,encit46,Sparky159
enc6dla,AAThrowaway5,enc5x0s,Sparky159
encvr25,Sparky159,encpf1e,daveed1297
enc7xd1,Sparky159,enc6dla,AAThrowaway5
encfzqq,EkMard,enc7xd1,Sparky159
endba3i,Sparky159,endabsl,Stationarity
encvvgc,Sparky159,encrh65,empatheticapathetic
end6crs,420KUSHBUSH,encvvgc,Sparky159
endev6h,empatheticapathetic,encvvgc,Sparky159
enhj0vd,mrp_awakening,encrh65,empatheticapathetic
enhkd71,empatheticapathetic,enhj0vd,mrp_awakening
enhnjag,mrp_awakening,enhkd71,empatheticapathetic
endy2d6,wobbleelbbow,encrh65,empatheticapathetic
ene09xu,empatheticapathetic,endy2d6,wobbleelbbow
enh4ftk,MindFuktd,ene09xu,empatheticapathetic
enibm5k,wobbleelbbow,ene09xu,empatheticapathetic
enh6cl1,empatheticapathetic,enh4ftk,MindFuktd
end07wb,Sparky159,enczyxi,pacjax
endqwez,SeasonedRP,end07wb,Sparky159
endqpry,pacjax,end07wb,Sparky159
ene0mrm,Sparky159,endqwez,SeasonedRP
endx7d0,wobbleelbbow,endqpry,pacjax
ene3qzj,pacjax,endx7d0,wobbleelbbow
end8now,hazelstein,enctdgy,Sneaker_Freaker_1
endpdv8,Andgelyo,end8now,hazelstein
endbql1,Sneaker_Freaker_1,end8now,hazelstein
ene0t6p,hazelstein,endpdv8,Andgelyo
enddgk1,hazelstein,endbql1,Sneaker_Freaker_1
endjg26,Sneaker_Freaker_1,enddgk1,hazelstein
enc5gdd,bakamoney,enbwqyn,Foobyx
enefo9q,ChadowyFigure,endpvau,FereallyRed
eo6rtg9,Pedrao420,enefo9q,ChadowyFigure
eo8fdpy,ChadowyFigure,eo6rtg9,Pedrao420
engtj23,ChadowyFigure,engdo8s,RPSilverfox
eni11uk,Swan_in_a_Cage,engdo8s,RPSilverfox
enlc88q,ChadowyFigure,enh1jjh,ADPU
engucmr,ChadowyFigure,enffg34,bakamoney
enh45wf,bakamoney,engucmr,ChadowyFigure
enlhvmf,ChadowyFigure,enh45wf,bakamoney
enllk7o,bakamoney,enlhvmf,ChadowyFigure
enylvan,ChadowyFigure,enllk7o,bakamoney
enccla3,Foobyx,enbytt9,_do_not_read_this_
enceb0s,_do_not_read_this_,enccla3,Foobyx
encas1i,frooschnate,enbytt9,_do_not_read_this_
encdzh9,_do_not_read_this_,encas1i,frooschnate
enbznq0,MajesticPitch,enbytt9,_do_not_read_this_
encf2nq,_do_not_read_this_,enbznq0,MajesticPitch
end246g,Psychological_Radish,encb98n,cafeitalia
ench1cb,_do_not_read_this_,encb98n,cafeitalia
encvbso,cafeitalia,ench1cb,_do_not_read_this_
end1z3w,_do_not_read_this_,encvbso,cafeitalia
enecgo0,RatioRegnum,enafm80,AutoModerator
enbzars,urbancore,enaxcbh,MAureliusTRP
enm5d5d,ILikeToBurnMoney,enbzars,urbancore
entkech,stoicbotanist,enm5d5d,ILikeToBurnMoney
enuh8pg,frenchfortomato,entkech,stoicbotanist
enuqaea,stoicbotanist,enuh8pg,frenchfortomato
encn5vn,fdsafdasfdsafds,enaxcbh,MAureliusTRP
ene0y7e,MagnetoWned,encn5vn,fdsafdasfdsafds
enykten,doughboyfreshh,encn5vn,fdsafdasfdsafds
enga8wz,fdsafdasfdsafds,ene0y7e,MagnetoWned
entkl3l,stoicbotanist,ene0y7e,MagnetoWned
enui5pc,frenchfortomato,ene0y7e,MagnetoWned
eo1hjz2,Pestilence1911,ene0y7e,MagnetoWned
enyl3i3,fdsafdasfdsafds,enykten,doughboyfreshh
eo3rjfz,Nicolas0631,enykten,doughboyfreshh
eni0xdw,MagnetoWned,enga8wz,fdsafdasfdsafds
enylfoi,doughboyfreshh,enyl3i3,fdsafdasfdsafds
eo3w564,doughboyfreshh,eo3rjfz,Nicolas0631
eo3r4x8,Nicolas0631,eni0xdw,MagnetoWned
eo3xusj,Nicolas0631,eo3w564,doughboyfreshh
eo4ohiv,doughboyfreshh,eo3xusj,Nicolas0631
enbs1fl,dontbethatguynow,enaxcbh,MAureliusTRP
enen173,whuttupfoo,enbs1fl,dontbethatguynow
eneqlhv,dontbethatguynow,enen173,whuttupfoo
enbn08s,lukesterboi1,enaxcbh,MAureliusTRP
enbihfo,cakefmateus,enaxcbh,MAureliusTRP
enbm8n8,DullIntroduction,enbihfo,cakefmateus
enayka0,BlindingTwilight,enaxcbh,MAureliusTRP
enaywu8,MAureliusTRP,enayka0,BlindingTwilight
enaz775,AntonioPanadero,enayka0,BlindingTwilight
enbr7s0,mountainbiker178,enayka0,BlindingTwilight
enba0sl,Frenetic_Zetetic,enaz775,AntonioPanadero
encfe07,Jabbermouth,enaqqzm,Ishhyaboi
eo3rm4q,Nicolas0631,encfe07,Jabbermouth
enbmomp,lukesterboi1,enaqqzm,Ishhyaboi
enbtxa2,BumblingBeta,enaqqzm,Ishhyaboi
enbxsp3,DavidZayas,enas35r,MatSapientia
enczvhj,rnsbrum,enas35r,MatSapientia
enc160l,VanSeslas,enas35r,MatSapientia
enc50nk,MatSapientia,enc160l,VanSeslas
enfsdyk,ChrimsonChin988,enbs5a9,hardly_incognito
endcc07,Dis_mah_mobile_one,enbs5a9,hardly_incognito
endpgz5,hardly_incognito,endcc07,Dis_mah_mobile_one
enbotgt,mleko69,enb88b0,poopdeck
enbv25x,BumblingBeta,enb88b0,poopdeck
enc6lkf,TwentyEighteen,enbv25x,BumblingBeta
enbxdo0,DavidZayas,enbv25x,BumblingBeta
encam4u,BumblingBeta,enbxdo0,DavidZayas
enbzsr8,heartbroken_nerd,enbxdo0,DavidZayas
enfspqk,ChrimsonChin988,enbxdo0,DavidZayas
eo3rxzm,Nicolas0631,enbxdo0,DavidZayas
end8goy,DavidZayas,encam4u,BumblingBeta
enhg9w7,thisdyyd,encam4u,BumblingBeta
enc1vyt,weezylane,enbzsr8,heartbroken_nerd
ensngq2,thewhipofacane,end8goy,DavidZayas
eo3s44f,Nicolas0631,end8goy,DavidZayas
eo3sbr8,Nicolas0631,enhg9w7,thisdyyd
entiscd,DavidZayas,ensngq2,thewhipofacane
enbsdyz,dontbethatguynow,enb88b0,poopdeck
eo3sqa3,Nicolas0631,enbsdyz,dontbethatguynow
eo9tmpl,dontbethatguynow,eo3sqa3,Nicolas0631
eo3wtfu,doughboyfreshh,encbk3e,Nathaestion
enbmxnf,SepahX,enb0clj,handsomerakk
enfvn76,scissor_me_timbers00,enb0clj,handsomerakk
enbh51p,r_u_a_badfish2,enb0clj,handsomerakk
eo3t72y,Nicolas0631,enbh51p,r_u_a_badfish2
enc8k7d,frooschnate,enb0clj,handsomerakk
enb0wql,BlindingTwilight,enb0clj,handsomerakk
enb2chr,Pelmaleon,enb0wql,BlindingTwilight
enb1075,handsomerakk,enb0wql,BlindingTwilight
enb2d9m,BlindingTwilight,enb1075,handsomerakk
enb38rl,handsomerakk,enb2d9m,BlindingTwilight
enbqh4q,CanuckinFL,enb38rl,handsomerakk
eo3xbq5,doughboyfreshh,enhyop0,AceMav21
enp9o0f,BlindingTwilight,enhyop0,AceMav21
enr91w4,AceMav21,enp9o0f,BlindingTwilight
enre1db,BlindingTwilight,enqxqy0,aoaop
enu5z69,iWrk,enqxqy0,aoaop
en931fi,RevolutionaryPea7,en8mvf0,Bazino
en93uf5,pollodustino,en931fi,RevolutionaryPea7
en989xi,LightSkinKen,en931fi,RevolutionaryPea7
en9tr0u,enkae7317,en931fi,RevolutionaryPea7
en9jagf,throwlaca,en931fi,RevolutionaryPea7
enak8s1,attackfarce,en9jagf,throwlaca
encmv7q,RevolutionaryPea7,en9jagf,throwlaca
encq227,throwlaca,encmv7q,RevolutionaryPea7
endbbtc,RevolutionaryPea7,encq227,throwlaca
ena0ps5,frumactuary,en8mvf0,Bazino
en9127f,GainzdalfTheWhey,en8mvf0,Bazino
enapeiz,KilgorrreTrout,en8mvf0,Bazino
en9e8dm,Hock3yGrump,en8mvf0,Bazino
en9ruyx,NomBok,en8mvf0,Bazino
en9t9u3,Captain_Quick,en9ruyx,NomBok
enbpbyo,basebool,en9ruyx,NomBok
enafclo,vullnet123,en9t9u3,Captain_Quick
en8uk0p,EkMard,en8mvf0,Bazino
enbeoiz,MirriMazDuur,en8mvf0,Bazino
enmj53l,LongElm,en8mvf0,Bazino
enn8mgv,Bazino,enmj53l,LongElm
en9vl0l,Thinkingard,en8pzhm,MattyAnon
encezhc,MattyAnon,en9vl0l,Thinkingard
eo163a2,SeriousAdvertising,en9vl0l,Thinkingard
enah1cq,whuttupfoo,en9vl0l,Thinkingard
enaueh3,JellyRev,enah1cq,whuttupfoo
enbik3o,Thinkingard,enah1cq,whuttupfoo
eo3upkw,Nicolas0631,enaueh3,JellyRev
en8uybg,frhighdo,en8sdam,CainPrice
enaxssk,EdmondDaunts,en8sdam,CainPrice
enb6odh,ProofPear6,enaxssk,EdmondDaunts
eo3v5v4,Nicolas0631,enaxssk,EdmondDaunts
enbj3xk,EdmondDaunts,enb6odh,ProofPear6
en99hb8,FreeRadical5,en8sdam,CainPrice
enarl6x,greenlittleman,en99hb8,FreeRadical5
ena9kfy,MayorMoonbeam,en99hb8,FreeRadical5
enb36lg,theres_a_snake_in_me,en99hb8,FreeRadical5
enaxo8r,PeaceMac,enarl6x,greenlittleman
enbam0w,trp369,enb36lg,theres_a_snake_in_me
enazzae,snuffpornwithgrandma,enaxo8r,PeaceMac
enbxcbb,greenlittleman,enaxo8r,PeaceMac
endzbnn,theres_a_snake_in_me,enbam0w,trp369
enq5cdd,PeaceMac,enbxcbb,greenlittleman
enreynx,greenlittleman,enq5cdd,PeaceMac
en9u63z,HelloTims,en8sdam,CainPrice
enaogro,GodLikeVelociraptor,en9u63z,HelloTims
en8zvcj,comu_nacho,en8liav,Naitra
eo3vb3m,Nicolas0631,en8zvcj,comu_nacho
en8ripc,Crimson_Medicinal,en8liav,Naitra
en8u61g,demilitarizdsm,en8liav,Naitra
en9q8jy,jakermate,en8liav,Naitra
en9k2ne,Radioactivebuny,en8vcbw,frhighdo
en935rf,frhighdo,en90399,jonezbonez
en9278g,n4ru,en90399,jonezbonez
eo13ac6,somehowhuman,en9278g,n4ru
eo1y5s5,n4ru,eo13ac6,somehowhuman
enctdh2,meikyo_shisui,en9jihy,brontide
end5lh0,IfStalinTradedForex,en9jihy,brontide
encfpw7,Professor_Entropy,en8zemd,comu_nacho
eo3we5y,Nicolas0631,enb9jld,vicious_armbar
enbu9a0,BareMinimumReddit,en9xinr,BlueEstee
enh2lov,BlueEstee,enbu9a0,BareMinimumReddit
eo3wngm,Nicolas0631,enbu9a0,BareMinimumReddit
eo3wqr5,Nicolas0631,enh2lov,BlueEstee
en8nz0u,HumanSockPuppet,en7zfp1,BiggusDickus-
en8r686,WiseMonkeyGoodMonkey,en8nz0u,HumanSockPuppet
en96iqa,BiggusDickus-,en8nz0u,HumanSockPuppet
ena57qh,OldScratchUpYourAss,en96iqa,BiggusDickus-
ena8cs6,BiggusDickus-,ena57qh,OldScratchUpYourAss
end3t3m,RightHandWolf,ena8cs6,BiggusDickus-
endap3b,BiggusDickus-,end3t3m,RightHandWolf
en8yz1u,BumblingBeta,en7zfp1,BiggusDickus-
enh4m67,Aggressive_Beta,en7zfp1,BiggusDickus-
en83jyj,CHAD_J_THUNDERCOCK,en7suwy,BazingaBen
en8w2tz,AwakenedSovereign,en83jyj,CHAD_J_THUNDERCOCK
enaa6gv,JustWanderful,en83jyj,CHAD_J_THUNDERCOCK
en7vbd4,NorthEasternNomad,en7suwy,BazingaBen
en8f133,good_guy_submitter,en7vbd4,NorthEasternNomad
en8optj,OldScratchUpYourAss,en8f133,good_guy_submitter
en8igc7,itiswr1tten,en8f133,good_guy_submitter
enat5e0,greenlittleman,en8f133,good_guy_submitter
en8sckm,NorthEasternNomad,en8optj,OldScratchUpYourAss
en9nbia,good_guy_submitter,en8optj,OldScratchUpYourAss
enbvonp,mussawi,en8optj,OldScratchUpYourAss
en8lt6p,good_guy_submitter,en8igc7,itiswr1tten
end6o6z,OldScratchUpYourAss,enbvonp,mussawi
envabwj,friendandadvisor,enbvonp,mussawi
en9e8ut,Hardcore_MB,en8lt6p,good_guy_submitter
en9u7ax,Captain_Quick,en8lt6p,good_guy_submitter
enfv63m,mussawi,end6o6z,OldScratchUpYourAss
envffl0,mussawi,envabwj,friendandadvisor
en9m0ls,good_guy_submitter,en9e8ut,Hardcore_MB
enje8wd,OldScratchUpYourAss,enfv63m,mussawi
enatljb,greenlittleman,en9m0ls,good_guy_submitter
ene7kex,PerplexingPegasus_,en9m0ls,good_guy_submitter
enkzlxx,mussawi,enje8wd,OldScratchUpYourAss
enl78ww,OldScratchUpYourAss,enkzlxx,mussawi
en7zped,cbnyc0,en7suwy,BazingaBen
en8edky,Nicolas0631,en7zped,cbnyc0
en8orbj,loloLogic,en7zped,cbnyc0
en9uc3c,Captain_Quick,en7zped,cbnyc0
engjdn4,brabg,en7zped,cbnyc0
en8jceo,cbnyc0,en8edky,Nicolas0631
eo0dhuq,Nicolas0631,en8jceo,cbnyc0
enasscb,greenlittleman,en7suwy,BazingaBen
ena5j4p,OldScratchUpYourAss,en7tj9r,That_Deaf_Guy
en8lkmm,Captain_Quick,en8fttz,Channel_oreo
enarvh3,falconiawillfall,en8lkmm,Captain_Quick
en8y8hm,MattyAnon,en8fttz,Channel_oreo
enblimb,chadwickofwv,en8y8hm,MattyAnon
eo61826,Imperator_Red,en8y8hm,MattyAnon
ena8sf1,BiggusDickus-,en8fttz,Channel_oreo
enb9kcw,throwlaca,en8fttz,Channel_oreo
eo61des,Imperator_Red,enb9kcw,throwlaca
ena689o,OldScratchUpYourAss,en8fttz,Channel_oreo
enorf9b,Mgtow_troaway,en8fttz,Channel_oreo
eo61huf,Imperator_Red,enorf9b,Mgtow_troaway
eo616qc,Imperator_Red,en8fttz,Channel_oreo
en8zo29,BumblingBeta,en85pef,oldrunnerguy
enb9fub,throwlaca,en8zo29,BumblingBeta
enbqapl,rebuildingMyself,enb9fub,throwlaca
eo61lhv,Imperator_Red,enbqapl,rebuildingMyself
eo61nt3,Imperator_Red,en7zixu,catriel25
en8bjbl,OptimalAdhesiveness,en7zwe1,tunsku
en93bfc,daymi,en8bjbl,OptimalAdhesiveness
enb03cl,anti-hypergamist,en8bjbl,OptimalAdhesiveness
enblwl0,chadwickofwv,enb03cl,anti-hypergamist
end4zsj,RightHandWolf,enblwl0,chadwickofwv
enbw4be,Throwaway_Old_Guy,en7vs63,NorthEasternNomad
en8g1lk,beginner_,en7pmdt,iambecomechad1
eo61rwf,Imperator_Red,en87gjr,Saigunx
ena6i8p,OldScratchUpYourAss,en8eov9,VickVaseline
enb0hce,anti-hypergamist,ena6i8p,OldScratchUpYourAss
enbmaim,OldScratchUpYourAss,enb0hce,anti-hypergamist
end5sp5,RightHandWolf,enb0hce,anti-hypergamist
en8miey,iambecomechad1,en8e4in,papunigga031
ena42u2,Short-changedChad,en8miey,iambecomechad1
enbwczb,Throwaway_Old_Guy,en8mopf,byronshadow
en8blca,OptimalAdhesiveness,en86e8w,
enmo1ju,SouloftheVoid,eney6mk,FieldLine
entkwme,stoicbotanist,eney6mk,FieldLine
enf3kv2,420KUSHBUSH,endhs9t,herrazki
engyv88,hmsthinkingmeat,endhs9t,herrazki
eo0teyi,Ibanezguitarrocks,enfjjq0,BobbyPeru
eo3qqs0,INNASKILLZ2K18,ens864u,bouncedeck
en8p154,boy_named_su,en8opni,Earl_Nightingale
engoqop,fearofgod1,en8opni,Earl_Nightingale
engw393,GodOfDinosaurs,engoqop,fearofgod1
enjpf55,fearofgod1,engw393,GodOfDinosaurs
enh8ve8,MachoAlpha,en8opni,Earl_Nightingale
enysmgn,umizumiz,enh8ve8,MachoAlpha
enwmdbj,TheConditionedMale,engl4j1,
env8j0r,TheGweatandTewwible,ensz31z,TheConditionedMale
enwkksv,TheConditionedMale,env8j0r,TheGweatandTewwible
en8p006,boy_named_su,en8mtfh,mgtowcope
en9ewrz,U_Lika_Da_Tomato,en7xy2m,SeasonedRP
enba1ok,throwlaca,en9ewrz,U_Lika_Da_Tomato
enn8dfy,RedPilledGodEmperor,enba1ok,throwlaca
end0fhu,Hjalmbere,en7xy2m,SeasonedRP
enrj8ds,Imperator_Red,end0fhu,Hjalmbere
eo3y9m3,Nicolas0631,enrj8ds,Imperator_Red
eo3y66v,Nicolas0631,en7xy2m,SeasonedRP
enbb8jy,throwlaca,en8q970,OldScratchUpYourAss
encv5h0,AGallopingMonkey,enbb8jy,throwlaca
env3i95,DigitalDragonSlayer,encv5h0,AGallopingMonkey
enbaqw9,throwlaca,en9r4hc,samlir
endtg5y,Chaddeus_Rex,en9r4hc,samlir
encgj3k,Aggressive_Beta,en9t5qt,Platinum247365
enh2p40,dkirkpatr,encgj3k,Aggressive_Beta
enc8eq1,chadwickofwv,enbbc1f,DreamExpedite
enrc4on,SouloftheVoid,enbcwfm,jasonfunk
endgczl,Jo0wZ,enbcwfm,jasonfunk
enfu2bm,mussawi,endgczl,Jo0wZ
enfv7x0,Jo0wZ,enfu2bm,mussawi
eng8itt,mussawi,enfv7x0,Jo0wZ
enlv70y,BrownGummyBear,eng8itt,mussawi
enm5eok,mussawi,enlv70y,BrownGummyBear
eo3ykvs,Nicolas0631,enm5eok,mussawi
en9f8x9,GirTheRobot,en8eget,FereallyRed
en9lb0x,Datanami,en9f8x9,GirTheRobot
en9p9g3,GirTheRobot,en9lb0x,Datanami
eo3zc6g,Nicolas0631,en9lb0x,Datanami
entshnz,exscionewhuman,en9lb0x,Datanami
enbimzx,redpill77,en8eget,FereallyRed
en9kt4y,Datanami,en8eget,FereallyRed
en9t670,FereallyRed,en9kt4y,Datanami
en9h0i4,U_Lika_Da_Tomato,en8g2rf,redpect
encn9tw,throwlaca,en8g2rf,redpect
enczhx2,redpect,encn9tw,throwlaca
en9kt1a,ChefCremeFraiche,en8ooi8,MattyAnon
envc11n,Orochimaru331,en9kt1a,ChefCremeFraiche
en9kfdx,Datanami,en8ooi8,MattyAnon
encemb2,MattyAnon,en9kfdx,Datanami
enbjbyp,redpill77,en8w2jf,platoonpluto
enbkira,platoonpluto,enbjbyp,redpill77
encbh6d,BACONisKEWLEST,enbjbyp,redpill77
en9fphk,GirTheRobot,en8w2jf,platoonpluto
en9osru,cupshadow,en8w2jf,platoonpluto
en9kxc3,Datanami,en8w2jf,platoonpluto
en92728,BhiQ42,en8baqb,SKRedPill
en9ljam,Datanami,en8etbo,herrazki
en9jsck,Datanami,en8dmep,SeasonedRP
en8ami0,Datanami,en8a216,Howdoiusesync
en8as6x,Howdoiusesync,en8ami0,Datanami
en9t307,FereallyRed,en8as6x,Howdoiusesync
en983pp,319Skew,en8a216,Howdoiusesync
enaggii,thewrecker8,en768go,porn-chicken
enc9w8f,porn-chicken,enaggii,thewrecker8
en7ktl2,MarvelousWhale,en70sj0,foogauzie
en82t8n,ChefCremeFraiche,en7ktl2,MarvelousWhale
en9gp3i,SoulRedemption,en82t8n,ChefCremeFraiche
en9jhky,ChefCremeFraiche,en9gp3i,SoulRedemption
en9jt4n,SoulRedemption,en9jhky,ChefCremeFraiche
en9k2eu,ChefCremeFraiche,en9jt4n,SoulRedemption
en9kmdj,SoulRedemption,en9k2eu,ChefCremeFraiche
en9r15t,ChefCremeFraiche,en9kmdj,SoulRedemption
en9rc1r,SoulRedemption,en9r15t,ChefCremeFraiche
en7s1xb,Xxdaunknown1307xX,en70sj0,foogauzie
enbbzix,EPArt,en7s1xb,Xxdaunknown1307xX
en7ptrp,porn-chicken,en70sj0,foogauzie
enakzjm,corganmusic,en70sj0,foogauzie
en6htvo,corganmusic,en6gp9c,fnncktbjhmkhed
en75eqe,RinkyInky,en6qih0,Captain_Quick
en8e9av,Captain_Quick,en75eqe,RinkyInky
en6ryg9,Heizenbrg,en6qih0,Captain_Quick
en6sjdj,Captain_Quick,en6ryg9,Heizenbrg
en6p76i,corganmusic,en6nqeb,GastrointestinalRein
en6pgf1,GastrointestinalRein,en6p76i,corganmusic
en8ei23,Captain_Quick,en7l2xn,johncillo
en6ir01,corganmusic,en6iix9,redblueninja
en5w63a,exit_sandman,en5mdnt,SuperCrazy07
en66zrn,Vikingcel,en5w63a,exit_sandman
en77pca,KeffirLime,en5w63a,exit_sandman
en6ijix,organicfluxx,en5w63a,exit_sandman
en6jvly,hazelstein,en66zrn,Vikingcel
en72sal,exit_sandman,en6ijix,organicfluxx
en6bpq4,jackandjill22,en5mdnt,SuperCrazy07
en8gb9k,juliuscsir,en6bpq4,jackandjill22
en6gav0,EvolvedVirus,en5sgcy,paulkersey1999
en6nvv4,-uftw-,en6gav0,EvolvedVirus
en74bue,Frenetic_Zetetic,en6gav0,EvolvedVirus
en7hwtg,paulkersey1999,en6gav0,EvolvedVirus
en6w4zt,tchower,en6nvv4,-uftw-
ence6t5,EvolvedVirus,en6nvv4,-uftw-
en8w90e,8380atgmaildotcom,en74bue,Frenetic_Zetetic
en7j695,MarvelousWhale,en74bue,Frenetic_Zetetic
en74d2k,Thynome,en6w4zt,tchower
endu6f7,Chaddeus_Rex,ence6t5,EvolvedVirus
eo0uxfy,Ibanezguitarrocks,ence6t5,EvolvedVirus
en7mg36,Naitra,en74d2k,Thynome
en8suy2,tchower,en74d2k,Thynome
eo1w84c,Proto_Sigma,en74d2k,Thynome
enexftu,EvolvedVirus,endu6f7,Chaddeus_Rex
engqndh,SouloftheVoid,endu6f7,Chaddeus_Rex
enn4yro,TheBunk_TB,endu6f7,Chaddeus_Rex
eo1kczd,EvolvedVirus,eo0uxfy,Ibanezguitarrocks
ennzmnc,Chaddeus_Rex,enn4yro,TheBunk_TB
enp9psm,TheBunk_TB,ennzmnc,Chaddeus_Rex
en70tho,yomo86,en5sgcy,paulkersey1999
en7i1uo,paulkersey1999,en70tho,yomo86
en7v0xb,NohoTwoPointOh,en7i1uo,paulkersey1999
enn54f1,TheBunk_TB,en7v0xb,NohoTwoPointOh
enb1sws,14Einsatzgruppen88,en5sgcy,paulkersey1999
en7j4ax,AXCMC3,en5sgcy,paulkersey1999
en6gznt,scissor_me_timbers00,en5o5ix,PS2Errol
en6nz8z,-uftw-,en6gznt,scissor_me_timbers00
en79px5,RevolutionaryPea7,en6gznt,scissor_me_timbers00
en6p8hq,Jussie_Mullet,en6nz8z,-uftw-
en5t7ms,themackattack90,en5pkpx,br0ph3us
en73p5j,br0ph3us,en5t7ms,themackattack90
en74gq9,Thynome,en73p5j,br0ph3us
enn5ac6,TheBunk_TB,en74gq9,Thynome
en6gud9,omega_dawg93,en5sorf,Auvergnat
en74nzt,DarkSyde3000,en6gud9,omega_dawg93
enjg9cv,OldScratchUpYourAss,en6gud9,omega_dawg93
enk17m3,omega_dawg93,enjg9cv,OldScratchUpYourAss
eo0vakj,Ibanezguitarrocks,enjg9cv,OldScratchUpYourAss
en7cbpo,NightwingTRP,en5sorf,Auvergnat
en9gnr4,Auvergnat,en7cbpo,NightwingTRP
eo0vk87,Ibanezguitarrocks,en9gnr4,Auvergnat
en8lstw,We_Are_Legion,en5sorf,Auvergnat
en9fvhd,Auvergnat,en8lstw,We_Are_Legion
en7aisf,aduar,en5sorf,Auvergnat
en7v73a,NohoTwoPointOh,en7aisf,aduar
en7vaan,,en5sorf,Auvergnat
en8ujhg,Auvergnat,en7vaan,
en9lsya,himsenior,en8ujhg,Auvergnat
enajy4b,Auvergnat,en9lsya,himsenior
enclexb,throwlaca,en9lsya,himsenior
enbolbq,himsenior,enajy4b,Auvergnat
encrpf2,himsenior,enclexb,throwlaca
en77rpy,KeffirLime,en5urid,2a3
en7lbgt,Onein1024th,en77rpy,KeffirLime
en8fktw,dadfrombrad,en77rpy,KeffirLime
en5vnhg,,en5urid,2a3
en6dn5m,2a3,en5vnhg,
en74pj2,Thynome,en6dn5m,2a3
en79bm4,RevolutionaryPea7,en5urid,2a3
en6gkk2,womans_algorithm,en64puf,MajesticPitch
en6pujo,hazelstein,en5qzsw,MedicalNothing
en690y1,cybercipher,en5kd6d,Nicetryguizlol123
en5wp1q,,en5kd6d,Nicetryguizlol123
en5z0eg,TwentyEighteen,en5wp1q,
en5xnld,facestab,en5wp1q,
en60onb,divorcedbp,en5wp1q,
en5y3uy,,en5xnld,facestab
en5z3i4,TwentyEighteen,en5y3uy,
en5wur2,exit_sandman,en5pw56,RightHandWolf
en7zjys,Cods_gift_to_reddit,en5wur2,exit_sandman
en85p5s,Hombremaniac,en5wur2,exit_sandman
en86rip,exit_sandman,en7zjys,Cods_gift_to_reddit
en87b3y,exit_sandman,en85p5s,Hombremaniac
en89hdl,Cods_gift_to_reddit,en86rip,exit_sandman
en5wa0s,GoingToMakeItBrahs,en5pw56,RightHandWolf
en6on49,omega_dawg93,en65ikl,IndelibleOnUrHippo
en7i690,redditM_rk,en6u002,ArcticFox2014
en5vfye,lololasaurus,en5q4fq,welcometothejl
en7c9ho,welcometothejl,en5vfye,lololasaurus
en7re5o,lololasaurus,en7c9ho,welcometothejl
en8d7ul,welcometothejl,en7re5o,lololasaurus
en634sh,TwentyEighteen,en5q4fq,welcometothejl
en7cpwy,welcometothejl,en634sh,TwentyEighteen
en7hnix,TwentyEighteen,en7cpwy,welcometothejl
en7kb69,welcometothejl,en7hnix,TwentyEighteen
en821nc,TwentyEighteen,en7kb69,welcometothejl
en6t44q,D0pef1end,en5q4fq,welcometothejl
encr92g,throwlaca,en6t44q,D0pef1end
en5tcz2,trpthrowcatch,en5q4fq,welcometothejl
en63m0e,TwentyEighteen,en5tcz2,trpthrowcatch
en60xdo,divorcedbp,en5tcz2,trpthrowcatch
en5rx4q,paulkersey1999,en5q4fq,welcometothejl
en6q3pr,hazelstein,en5rx4q,paulkersey1999
en6j41k,russian_nigger,en5yq0j,shawndamanyay
en6tar5,D0pef1end,en6g17u,Darkone06
en7ilqt,TwentyEighteen,en6g17u,Darkone06
en781kk,Whystare,en74afk,DarkSyde3000
en7bdeg,DarkSyde3000,en781kk,Whystare
en64trn,RedPillWintergreen,en60b2s,Conatus_Hawk
en65431,Conatus_Hawk,en64trn,RedPillWintergreen
en7tga1,Zoroaster333,en75azb,KarlskyWB
en7b36k,Rupturednutsack,en75azb,KarlskyWB
eo8zfs5,Zoroaster333,eo461p3,INNASKILLZ2K18
en4f59d,redvelvet_oreo,en3h10k,Auvergnat
en4rm03,Boovs4life,en4f59d,redvelvet_oreo
en4w9t9,rredhammer,en4rm03,Boovs4life
en63fyz,Auvergnat,en4rm03,Boovs4life
en8q916,RightHandWolf,en4w9t9,rredhammer
enncj4w,slip_like_space,en8q916,RightHandWolf
en6pqbo,Jussie_Mullet,en3h10k,Auvergnat
enllqtg,donkeydodo,en3h10k,Auvergnat
eo3lg5r,Auvergnat,enllqtg,donkeydodo
en5ka2s,DeChef2,en3eqjl,Operator216
en4596s,omega_dawg93,en3vbz4,Spartan1590
en46xpe,unn4med,en4596s,omega_dawg93
en4gnt6,omega_dawg93,en46xpe,unn4med
en4uzej,NuclearMelonMan,en3vbz4,Spartan1590
en6355s,Spartan1590,en4uzej,NuclearMelonMan
en52dka,edge_lord_super_17,en4uzej,NuclearMelonMan
en5etag,BJG79,en52dka,edge_lord_super_17
en6q4rd,Jussie_Mullet,en52dka,edge_lord_super_17
en61kri,drovid4,en3vbz4,Spartan1590
en638cq,Spartan1590,en61kri,drovid4
en6qij1,Jussie_Mullet,en61ryp,DarkFunExist
en6t7ex,DarkFunExist,en6qij1,Jussie_Mullet
en49z60,kcazburg,en3vz9w,apskidb
en5hzp6,PaulAJK,en4rm0v,ThePermanentGuest
en5vx07,jihocech,en4rm0v,ThePermanentGuest
en6af59,TwentyEighteen,en4qb19,gabeangelo
en6as7p,gabeangelo,en6af59,TwentyEighteen
enabl2m,redvelvet_oreo,en6af59,TwentyEighteen
en6rrab,420KUSHBUSH,en4qb19,gabeangelo
en5n0qw,ComplexProjection,en4qb19,gabeangelo
en5pgq5,gabeangelo,en5n0qw,ComplexProjection
enfg8ia,BuzzLightGear321,en4qb19,gabeangelo
en7uj7l,GanjaAllDay,en4clzm,sacecrun
en44veq,omega_dawg93,en3otdj,
en4fuoa,womans_algorithm,en44veq,omega_dawg93
en4glds,omega_dawg93,en4fuoa,womans_algorithm
en4hl1b,BigThad,en4fuoa,womans_algorithm
en4gwro,American_tourist116,en49r1v,
en5cnyd,BloodSurgery,en49r1v,
en65pea,DarkFunExist,en49r1v,
en4g23j,Andrew54321,en49r1v,
en4g4vg,,en4g23j,Andrew54321
en4hgf3,Captain_Quick,en4g4vg,
en4g7nj,Andrew54321,en4g4vg,
en7uvv1,GanjaAllDay,en4g4vg,
en6b3g4,TwentyEighteen,en4hgf3,Captain_Quick
en4gebk,,en4g7nj,Andrew54321
en4j7tb,Captain_Quick,en4gebk,
en5pc8c,xddm2653,en4gebk,
en4gnvo,Andrew54321,en4gebk,
en5ftaw,Frodolinador,en4gnvo,Andrew54321
en5au73,Pusikur,en4gnvo,Andrew54321
en5axu1,Andrew54321,en5au73,Pusikur
en3h994,FineCopy2,en3d9xe,
en4hslc,immaculacy,en3h994,FineCopy2
en3kard,whuttupfoo,en3d9xe,
en4h90o,immaculacy,en3kard,whuttupfoo
en3eo0v,redblueninja,en3d9xe,
en3ezvl,immaculacy,en3eo0v,redblueninja
en3ffbx,redblueninja,en3ezvl,immaculacy
en42db1,Hock3yGrump,en3ezvl,immaculacy
en3hiyu,FineCopy2,en3ffbx,redblueninja
en3pge5,chrisname,en3ffbx,redblueninja
en4ixlb,immaculacy,en3ffbx,redblueninja
en4gtwm,immaculacy,en42db1,Hock3yGrump
en3oijx,SeasonedRP,en3hiyu,FineCopy2
en4kq39,Hock3yGrump,en4gtwm,immaculacy
en4teiq,immaculacy,en4kq39,Hock3yGrump
en51s9x,Hock3yGrump,en4teiq,immaculacy
en3e9m4,319Skew,en3d9xe,
en3t1g3,RevolutionaryPea7,en3e9m4,319Skew
enidx14,wildtimes3,en3e9m4,319Skew
en3eexc,,en3e9m4,319Skew
eniykc1,319Skew,enidx14,wildtimes3
en3ylo7,wildtimes3,en3eexc,
en3vy7c,FatmanO,en3eexc,
en44v44,shaun320,en3eexc,
en3kgjh,wobbleelbbow,en3eexc,
en3vjap,friendandadvisor,en3eexc,
enjc9zh,wildtimes3,eniykc1,319Skew
en4gmne,immaculacy,en44v44,shaun320
en3n62h,Thynome,en3kgjh,wobbleelbbow
en4h4qd,immaculacy,en3kgjh,wobbleelbbow
en4hebp,immaculacy,en3vjap,friendandadvisor
en4hhx3,shaun320,en4gmne,immaculacy
en4qw4b,wobbleelbbow,en4h4qd,immaculacy
eo8wop4,friendandadvisor,en4hebp,immaculacy
en4idwr,immaculacy,en4hhx3,shaun320
en4ik96,shaun320,en4idwr,immaculacy
en4j4rm,immaculacy,en4ik96,shaun320
en3fr9g,anylegtypes,en3d9xe,
en4i3zq,immaculacy,en3fr9g,anylegtypes
en3ydm8,PS2Errol,en3d9xe,
en3kjja,NigerianChad,en3d9xe,
en41ke9,Hock3yGrump,en3d9xe,
en4qjfe,BrownGummyBear,en3d9xe,
en4sdg8,immaculacy,en4qjfe,BrownGummyBear
en3xt3w,bigdudecfc,en3d9xe,
en4h1ix,immaculacy,en3xt3w,bigdudecfc
en3f6ws,09876537895,en3cv8p,
en3fcuo,symbologythere,en3cv8p,
en3h50d,,en3fcuo,symbologythere
en3j5u4,triavatar,en3cv8p,
en4fu69,Andrew54321,en49wve,
en4gaan,,en4fu69,Andrew54321
en4gd0u,Andrew54321,en4gaan,
en56egt,Skuggasveinn,en49wve,
en27gfw,WhyIsYosarionNaked,en24aln,redpillschool
en2s52g,Drummerboy860,en27gfw,WhyIsYosarionNaked
en2af3x,redpillschool,en27gfw,WhyIsYosarionNaked
en3o7k2,dooodledoood,en27gfw,WhyIsYosarionNaked
en2bsoy,,en27gfw,WhyIsYosarionNaked
en2xjkc,redrogue12,en2s52g,Drummerboy860
en2wdyp,Grimsterr,en2s52g,Drummerboy860
en35914,bsutansalt,en2s52g,Drummerboy860
encdaj7,Aggressive_Beta,en2s52g,Drummerboy860
en3bb5a,universalabundance1,en2af3x,redpillschool
en3fb2x,UseForThrowAwayStuff,en2af3x,redpillschool
eo990ru,SwedishSalsa,en2af3x,redpillschool
enmmjtp,SouloftheVoid,en2af3x,redpillschool
enrdamu,Gaboyski_,en2af3x,redpillschool
en2mb61,PsychedelicDentist,en2af3x,redpillschool
en7wn96,bakamoney,en3o7k2,dooodledoood
en7wuhd,bakamoney,en3o7k2,dooodledoood
en3xvhv,PS2Errol,en2bsoy,
en3nnsi,le_king_falcon,en2xjkc,redrogue12
en5s4ps,Jade-Gate,en35914,bsutansalt
en4237r,block__chainsy,en3bb5a,universalabundance1
en3fbrk,UseForThrowAwayStuff,en3bb5a,universalabundance1
enmoucm,redpillschool,enmmjtp,SouloftheVoid
en32g6i,block__chainsy,en2mb61,PsychedelicDentist
en3borh,arihan77,en2mb61,PsychedelicDentist
en3uox2,MoDuReddit,en2mb61,PsychedelicDentist
en3oex9,entrep4,en3nnsi,le_king_falcon
enbww10,Sendmeloveletters,en4237r,block__chainsy
en3dtxi,etherael,en32g6i,block__chainsy
en37stc,beginner_,en32g6i,block__chainsy
en3q785,le_king_falcon,en3oex9,entrep4
encrz94,block__chainsy,enbww10,Sendmeloveletters
en41vud,block__chainsy,en3dtxi,etherael
en3tztl,giant_white_dong,en3q785,le_king_falcon
eniw32a,Sendmeloveletters,encrz94,block__chainsy
en3uyd6,le_king_falcon,en3tztl,giant_white_dong
enmx3xc,block__chainsy,eniw32a,Sendmeloveletters
eo1ldte,Sendmeloveletters,enmx3xc,block__chainsy
eo1lk2w,Sendmeloveletters,enmx3xc,block__chainsy
en25152,Wabbajak,en24aln,redpillschool
en3ck3p,SKRedPill,en24aln,redpillschool
ens37zz,throwlaca,en3ck3p,SKRedPill
ens8qzn,SKRedPill,ens37zz,throwlaca
en2o6dl,Auvergnat,en24aln,redpillschool
enbizbl,jseph1234,en2o6dl,Auvergnat
en7wrcm,bakamoney,en2o6dl,Auvergnat
enrdjfz,Gaboyski_,en2o6dl,Auvergnat
enaryg1,Auvergnat,en7wrcm,bakamoney
en9htdo,jackandjill22,en7wrcm,bakamoney
en2uutw,DCdek,en24aln,redpillschool
en2xzz6,trpboy123,en2nyde,VasiliyZaitzev
en3c1v2,VasiliyZaitzev,en2xzz6,trpboy123
en3hn3z,beginner_,en2xzz6,trpboy123
en3629p,AAtmozfears,en2xzz6,trpboy123
en3cimp,NormalAndy,en2xzz6,trpboy123
en3bxbj,Noramia,en2xzz6,trpboy123
en362tl,c4ge1nvisibl3,en2xzz6,trpboy123
en3h1iq,loloLogic,en2xzz6,trpboy123
en5fjcn,Nicolas0631,en2xzz6,trpboy123
en3idgx,bilabrin,en2xzz6,trpboy123
ent8pva,UrgotMilk,en2xzz6,trpboy123
en3fksg,UseForThrowAwayStuff,en3c1v2,VasiliyZaitzev
en3k12y,jihocech,en3hn3z,beginner_
en38lyg,Onein1024th,en3629p,AAtmozfears
en7vb7k,bakamoney,en3cimp,NormalAndy
en7vok4,bakamoney,en5fjcn,Nicolas0631
en3w484,VasiliyZaitzev,en3fksg,UseForThrowAwayStuff
en420be,beginner_,en3k12y,jihocech
en8dwvy,Nicolas0631,en7vok4,bakamoney
en41oqo,backtothebeginning11,en3w484,VasiliyZaitzev
en5eq2b,wanderer779,en420be,beginner_
en48ims,VasiliyZaitzev,en41oqo,backtothebeginning11
encfb7w,HappyScribe,en41oqo,backtothebeginning11
en61zw9,Short-changedChad,en5eq2b,wanderer779
en8xtd6,RatMan29,en5eq2b,wanderer779
encoz1z,GodOfDinosaurs,en48ims,VasiliyZaitzev
enmj8xl,Hock3yGrump,en61zw9,Short-changedChad
en7uvly,bakamoney,en2nyde,VasiliyZaitzev
encs73k,__Alaric__,en7uvly,bakamoney
enfe7rt,bakamoney,encs73k,__Alaric__
engmi5n,__Alaric__,enfe7rt,bakamoney
en9g0ci,jackandjill22,en2nyde,VasiliyZaitzev
en2zo0d,Dis_mah_mobile_one,en2qxdq,weev
en33szn,weev,en2zo0d,Dis_mah_mobile_one
en3dgs8,hazelstein,en2zo0d,Dis_mah_mobile_one
en9g7h6,jackandjill22,en2zo0d,Dis_mah_mobile_one
en3j6nk,420KUSHBUSH,en33szn,weev
env809m,throwlaja,en33szn,weev
en3g7xt,Dis_mah_mobile_one,en3dgs8,hazelstein
en4b7h8,weev,en3j6nk,420KUSHBUSH
en4ijs2,hazelstein,en3g7xt,Dis_mah_mobile_one
en7m8dk,uebermacht,en4b7h8,weev
enn6291,ArdAtak,en4b7h8,weev
en9gepm,jackandjill22,en4b7h8,weev
en6rg5m,420KUSHBUSH,en4b7h8,weev
en5odc4,novalentineforyou,en4ijs2,hazelstein
enrw915,weev,enn6291,ArdAtak
en6sdfd,weev,en6rg5m,420KUSHBUSH
en649v1,hazelstein,en5odc4,novalentineforyou
en8bxya,max_peenor,en5odc4,novalentineforyou
en8p778,organicfluxx,en6sdfd,weev
en6skth,420KUSHBUSH,en6sdfd,weev
en6tgf3,weev,en6skth,420KUSHBUSH
en6tr0f,420KUSHBUSH,en6tgf3,weev
en3sodv,giant_white_dong,en2qxdq,weev
en49v2c,weev,en3sodv,giant_white_dong
en5jz7y,max_peenor,en49v2c,weev
en9hk20,jackandjill22,en5jz7y,max_peenor
en83h5z,MajesticWhiteBull,en2qxdq,weev
en37agd,dankmonty,en2qxdq,weev
en4f1go,deleteseverything,en37agd,dankmonty
en2y3bg,Throataway4444,en2qxdq,weev
en3tm0z,DigitalDragonSlayer,en2qxdq,weev
eo2je2a,19BitPrice,en2qxdq,weev
en9xntt,ObserveYourBreath,en2qxdq,weev
enaklv6,weev,en9xntt,ObserveYourBreath
end04e4,ObserveYourBreath,enaklv6,weev
end1p95,weev,end04e4,ObserveYourBreath
en9g307,jackandjill22,en2qxdq,weev
enakqfg,weev,en9g307,jackandjill22
en3rlso,,en2qxdq,weev
en4bz5x,weev,en3rlso,
en32u2o,anti-hypergamist,en2pj4b,WoodleyWarrior85
en3csvu,NormalAndy,en32u2o,anti-hypergamist
en2kymc,GoingToMakeItBrahs,en2k2nb,alphabachelor
en3089d,masterpiece00,en2kymc,GoingToMakeItBrahs
en2z167,Centipede2828,en2k2nb,alphabachelor
en372pd,dankmonty,en2z167,Centipede2828
enbrpt2,Chaddeus_Rex,en2k2nb,alphabachelor
en3lz8u,latinasonly,en2k2nb,alphabachelor
enmn062,SouloftheVoid,en2k2nb,alphabachelor
en2ikgp,Jade-Gate,en25v4f,Kaquin
en2kigk,MilkMoney111,en2ikgp,Jade-Gate
en42ag0,unn4med,en25v4f,Kaquin
en80bi7,CHAD_J_THUNDERCOCK,en42ag0,unn4med
ena239h,unn4med,en80bi7,CHAD_J_THUNDERCOCK
enbfkph,SinisterSwindler,en80bi7,CHAD_J_THUNDERCOCK
eny5yl2,farendsofcontrast,en80bi7,CHAD_J_THUNDERCOCK
eny7hj8,CHAD_J_THUNDERCOCK,eny5yl2,farendsofcontrast
eny9ytk,farendsofcontrast,eny7hj8,CHAD_J_THUNDERCOCK
eo09vu0,Compeliminator,eny7hj8,CHAD_J_THUNDERCOCK
en348j3,Grimsterr,en25v4f,Kaquin
en69etp,Omnidempotent,en2q5wn,BlindingTwilight
en32xo8,anti-hypergamist,en2q5wn,BlindingTwilight
eo586g6,Sfwonlynow,en2q5wn,BlindingTwilight
en2xf2g,CaptainBW,en2e9gg,Rollo_Mayhem3
en3im72,bilabrin,en2xf2g,CaptainBW
en4fdxi,Imperator_Red,en3im72,bilabrin
en5pykq,bilabrin,en4fdxi,Imperator_Red
en2ap2a,redpillschool,en28otd,Omnidempotent
en2i4iq,Whopper_Jr,en2ap2a,redpillschool
en2k3c5,Fuzzoff,en2i4iq,Whopper_Jr
en2mkwp,MeanwhileJapan,en2k3c5,Fuzzoff
en37erm,dankmonty,en2mkwp,MeanwhileJapan
en3xxi5,PS2Errol,en37erm,dankmonty
en32c86,anti-hypergamist,en2mqnm,BreakYourBonds
en3mzqm,Nighthawk_Black_,en32c86,anti-hypergamist
en4m6wy,WanaxAgamemnon,en32c86,anti-hypergamist
en3txoz,redhawkes,en2s5oh,Fulp_Piction
en4jr67,Fulp_Piction,en3txoz,redhawkes
en4monz,mickey__,en3txoz,redhawkes
enbuk9k,redhawkes,en4monz,mickey__
en320za,masterpiece00,en2lmkk,independent_rooster
enbsm6m,redpillschool,en4qja3,mental_health_100
enpot3e,obey_kush,enbsm6m,redpillschool
en2ya1d,lukesterboi1,en2cu63,stratosphericrise
en37ngf,dankmonty,en2ya1d,lukesterboi1
en69nlr,Omnidempotent,en37ngf,dankmonty
en2k001,anthero,en2cu63,stratosphericrise
en42l5s,unn4med,en2cu63,stratosphericrise
en4fxgv,Imperator_Red,en3t735,RPSilverfox
enakec6,MikeTyson91,en3y4fd,Tacale
encx3qw,Tacale,enakec6,MikeTyson91
enbsxdg,redpillschool,en3y4fd,Tacale
encwsxf,Tacale,enbsxdg,redpillschool
en4yaz9,The_Red_Trooper,en3y4fd,Tacale
en5p4fe,General_Queipo,en4yaz9,The_Red_Trooper
en66s37,anti-hypergamist,en5p4fe,General_Queipo
en6ywty,Tacale,en5p4fe,General_Queipo
en4nu99,Trowawayantifap28,en3y4fd,Tacale
en82v1t,The_Red_Trooper,en4nu99,Trowawayantifap28
enbswm9,redpillschool,en82v1t,The_Red_Trooper
eo0l5t2,Ibanezguitarrocks,enbswm9,redpillschool
ends93d,Zarathustra-X,encx7oo,RStonePT
endvzqn,RStonePT,ends93d,Zarathustra-X
endmki5,paradigmarson,en78pgr,_iisu
eo0ljb6,Ibanezguitarrocks,en38po7,Brandonnetmore
en4mrms,WanaxAgamemnon,en3hi88,beginner_
enyt8vj,DarkestTriad,enyszai,DarkestTriad
en5wrqv,jasonfunk,en3xb02,Scribblerg1
en3xlge,PS2Errol,en3xb02,Scribblerg1
en3xz87,Scribblerg1,en3xlge,PS2Errol
en4fanb,Imperator_Red,en3xz87,Scribblerg1
en3y7m6,PS2Errol,en3xz87,Scribblerg1
en5kvix,TheRedPike,en3xz87,Scribblerg1
en61ooe,Yakatonker,en3xz87,Scribblerg1
en7d5yl,Scribblerg1,en5kvix,TheRedPike
en867qu,TheRedPike,en7d5yl,Scribblerg1
en83808,The_Red_Trooper,en3xb02,Scribblerg1
en492a5,KeffirLime,en3vvql,CainPrice
en49u0a,CainPrice,en492a5,KeffirLime
en4n8ll,WanaxAgamemnon,en49u0a,CainPrice
en4ir7o,KeffirLime,en49u0a,CainPrice
enbwdk3,max_peenor,en49u0a,CainPrice
enbxqx6,CainPrice,enbwdk3,max_peenor
enczqwd,RStonePT,enbxqx6,CainPrice
eng6kes,organicfluxx,enczqwd,RStonePT
engeyhm,RStonePT,eng6kes,organicfluxx
en5wmej,jasonfunk,en3vvql,CainPrice
encxyga,RStonePT,en3vvql,CainPrice
encz9lu,CainPrice,encxyga,RStonePT
end04wq,RStonePT,encz9lu,CainPrice
en7022z,aGodofmyownmaking,en4utyp,Zarathustra-X
en6vhls,marianasentmenudes,en4utyp,Zarathustra-X
en7gy4y,Zarathustra-X,en6vhls,marianasentmenudes
entoytm,RavelsBolero,en7gy4y,Zarathustra-X
en5l6bk,max_peenor,en3rjp7,Mangasbzo7
en5nz7o,DanielQuiles,en5l6bk,max_peenor
en64ntw,Zarathustra-X,en5l6bk,max_peenor
en660gu,max_peenor,en64ntw,Zarathustra-X
enbxo3y,redhawkes,en64ntw,Zarathustra-X
enbyjt7,Zarathustra-X,enbxo3y,redhawkes
enbzdey,redhawkes,enbyjt7,Zarathustra-X
enc4g9f,Zarathustra-X,enbzdey,redhawkes
enece99,Compeliminator,enc4g9f,Zarathustra-X
eo0mrwn,Ibanezguitarrocks,enece99,Compeliminator
en3i3mr,IvyLeagueWeights,en34ime,brytlites
en35x80,magicwand148869,en34ime,brytlites
en4gueq,brytlites,en35x80,magicwand148869
en4iump,magicwand148869,en4gueq,brytlites
en9gj7j,Skyhawk_And_Skyhead,en34ime,brytlites
encygvu,brytlites,en9gj7j,Skyhawk_And_Skyhead
en4gzb6,MajesticPitch,en4coyu,TheEgyptianConqueror
en4h55t,TheEgyptianConqueror,en4gzb6,MajesticPitch
en4k179,MajesticPitch,en4h55t,TheEgyptianConqueror
enqkek2,Zech4riah,en4coyu,TheEgyptianConqueror
en4wtpw,MajesticPitch,en4udmi,notdoreen
en3xpm7,TwentyEighteen,en3hhai,UrbanBanger
en3yr5a,Battagliare,en3xpm7,TwentyEighteen
enfc7k5,UrbanBanger,en3xpm7,TwentyEighteen
en48s50,westfallen,en3yr5a,Battagliare
en4cwpr,TheEgyptianConqueror,en48s50,westfallen
en8zfee,Battagliare,en48s50,westfallen
en79qau,FatmanO,en3c53c,
en456rp,Locko_O,en3c53c,
en3d53v,wildtimes3,en2plgp,BlindingTwilight
en3dnx2,wildtimes3,en3ah7d,showerdudes9
en3e4sa,showerdudes9,en3dnx2,wildtimes3
en5dagc,420KUSHBUSH,en3e4sa,showerdudes9
eniazwc,wildtimes3,en5dagc,420KUSHBUSH
en3vey2,DarkSyde3000,en3ah7d,showerdudes9
en3dhqo,wildtimes3,en2z0hy,MasterShake777
ena6m81,warwolverinewarrior,en3dhqo,wildtimes3
ene27ec,wildtimes3,ena6m81,warwolverinewarrior
enicm2m,wildtimes3,en2z0hy,MasterShake777
en11f0x,SirKolbath,en0xzhp,REVIGOR
en1352u,ImThatGuyAlan,en11f0x,SirKolbath
en1ympw,VigilantCMDR,en11f0x,SirKolbath
en1ht47,REVIGOR,en11f0x,SirKolbath
en13zus,SirKolbath,en1352u,ImThatGuyAlan
en23uru,SirKolbath,en1ympw,VigilantCMDR
en14iy0,ImThatGuyAlan,en13zus,SirKolbath
en3s60n,Granite_Pill,en23uru,SirKolbath
en151gl,SirKolbath,en14iy0,ImThatGuyAlan
en21gkw,enkae7317,en0xzhp,REVIGOR
en237yh,REVIGOR,en21gkw,enkae7317
en2yrbz,odaklanan_insan,en21gkw,enkae7317
en2ds25,jimmyjoejimbob,en237yh,REVIGOR
en7jc3z,_PM_ME_UR_LINGERIE_,en2yrbz,odaklanan_insan
en24al6,Emerald__Faith,en1dcx2,Overkillengine
en1b116,SirKolbath,en18rnm,throwlaca
en1bulo,throwlaca,en1b116,SirKolbath
en1opxa,Tipharete7,en1b116,SirKolbath
en30151,odaklanan_insan,en1b116,SirKolbath
enav04x,greenlittleman,en1b116,SirKolbath
en1c5pm,SirKolbath,en1bulo,throwlaca
en1uyug,SirKolbath,en1opxa,Tipharete7
en3078a,SirKolbath,en30151,odaklanan_insan
en1obhx,Imperator_Red,en1c5pm,SirKolbath
en1uu8z,SirKolbath,en1obhx,Imperator_Red
en3waeb,friendandadvisor,en1obhx,Imperator_Red
en2ibb5,bouncedeck,en1uu8z,SirKolbath
en1oh1q,CHAD_J_THUNDERCOCK,en18rnm,throwlaca
en3iahz,Onein1024th,en1oh1q,CHAD_J_THUNDERCOCK
en4kcje,VasiliyZaitzev,en3iahz,Onein1024th
en1uly0,TheEarlobe,en18rnm,throwlaca
en1wofu,throwlaca,en1uly0,TheEarlobe
en2bjop,CHAD_J_THUNDERCOCK,en1wofu,throwlaca
en2eq8l,throwlaca,en2bjop,CHAD_J_THUNDERCOCK
en2o5oc,aDrunkenWhaler,en18rnm,throwlaca
en59tip,throwlaca,en2o5oc,aDrunkenWhaler
en6apug,ThePermanentGuest,en59tip,throwlaca
en874wq,aDrunkenWhaler,en6apug,ThePermanentGuest
en9il7s,throwlaca,en874wq,aDrunkenWhaler
en240l4,hazelstein,en18rnm,throwlaca
en6m4z8,RedPill_Swinger,en18rnm,throwlaca
en2605o,HumanSockPuppet,en1d4a0,moorekom
en2al6f,moorekom,en2605o,HumanSockPuppet
en15qch,Korrangar,en11bnk,TFWnoLTR
en3ign9,Onein1024th,en15qch,Korrangar
en18msf,TheEgyptianConqueror,en11bnk,TFWnoLTR
en19uu0,,en18msf,TheEgyptianConqueror
en1y470,throwlaca,en18msf,TheEgyptianConqueror
en2iknk,Da-redcrip,en19uu0,
en1zavj,TheEgyptianConqueror,en1y470,throwlaca
en5a8o2,throwlaca,en1zavj,TheEgyptianConqueror
en18x1q,GoingToMakeItBrahs,en11bnk,TFWnoLTR
en1o2p1,Imperator_Red,en18x1q,GoingToMakeItBrahs
en25rw0,GoingToMakeItBrahs,en1o2p1,Imperator_Red
en24c0e,hazelstein,en11bnk,TFWnoLTR
en1xjdu,throwlaca,en11bnk,TFWnoLTR
en1dymh,,en11bnk,TFWnoLTR
en1fb3q,PerplexingPegasus_,en1dymh,
en1g783,livear,en1fb3q,PerplexingPegasus_
en14cxw,SirKolbath,en13il3,urbancore
en1b30j,Irtotallynotrobot,en14cxw,SirKolbath
en1oqku,,en14cxw,SirKolbath
en1cfwq,SirKolbath,en1b30j,Irtotallynotrobot
en1tn9u,Isaelie,en1oqku,
en1v9me,SirKolbath,en1oqku,
enplznt,Ivan_The_Reddish,en1v9me,SirKolbath
enqvwuq,SirKolbath,enplznt,Ivan_The_Reddish
en1a4bq,,en13il3,urbancore
en1josc,Rommel221,en1a4bq,
en1srud,frooschnate,en1a4bq,
en24w6y,hazelstein,en1a4bq,
enen1jv,cruzalta,en1a4bq,
en1vxn7,good_guy_submitter,en1josc,Rommel221
enbqe31,0kool74,en1srud,frooschnate
en0za4f,victimization,en0y7fx,CrumbledSituation
en1mr13,celtiberian666,en0y7fx,CrumbledSituation
en1w611,Thinkingard,en1mr13,celtiberian666
en1af71,throwlaca,en0y7fx,CrumbledSituation
en4oqze,VasiliyZaitzev,en0y7fx,CrumbledSituation
en1b7w9,SirKolbath,en17f1f,Budfox_92
en2iqf3,xensonic,en1b7w9,SirKolbath
en2es7r,jimmyjoejimbob,en1b7w9,SirKolbath
en2jowp,xensonic,en1b7w9,SirKolbath
en1nc88,CanuckinFL,en1b7w9,SirKolbath
en1ngpa,SirKolbath,en1nc88,CanuckinFL
en1ntq8,,en1ngpa,SirKolbath
en1xgti,Eighth__Man,en1ntq8,
en23wgo,CanuckinFL,en1xgti,Eighth__Man
en29euz,Eighth__Man,en23wgo,CanuckinFL
en2rpvx,max_peenor,en23wgo,CanuckinFL
en2gxqe,BassLord_,en23wgo,CanuckinFL
en2c5ll,grandmasbroach,en23wgo,CanuckinFL
en2kwhj,CanuckinFL,en2gxqe,BassLord_
en5ay4r,throwlaca,en17f1f,Budfox_92
enbqqgp,0kool74,en17f1f,Budfox_92
en11c78,SirKolbath,en10q82,Irtotallynotrobot
en2dtni,jimmyjoejimbob,en11c78,SirKolbath
en11gv1,LandoChronus,en10q82,Irtotallynotrobot
en1j2ke,ahackercalled4chan,en198va,GoingToMakeItBrahs
en16gb4,SirKolbath,en169sn,omen_tenebris
en16lar,omen_tenebris,en16gb4,SirKolbath
en1av4j,throwlaca,en169sn,omen_tenebris
en1uvlx,loloLogic,en1av4j,throwlaca
en1c3ce,omen_tenebris,en1av4j,throwlaca
en1crz0,throwlaca,en1c3ce,omen_tenebris
en1e6ny,omen_tenebris,en1crz0,throwlaca
en1ldzf,Two_kids_in_a_coat,en169sn,omen_tenebris
en1wg0a,good_guy_submitter,en1ldzf,Two_kids_in_a_coat
en3esgc,thisdyyd,en1wg0a,good_guy_submitter
en3uv8n,good_guy_submitter,en3esgc,thisdyyd
en16k4g,SirKolbath,en15vlv,aucunejus
en1aluw,aucunejus,en16k4g,SirKolbath
en1cimi,SirKolbath,en1aluw,aucunejus
en2fztb,xensonic,en1cimi,SirKolbath
en2g2g5,SirKolbath,en2fztb,xensonic
en24xqi,SirKolbath,en24tjq,escapethesolarsystem
en159re,PerplexingPegasus_,en11n9h,jenovajunkie
en16qgz,paprikarat12,en159re,PerplexingPegasus_
en173zh,jenovajunkie,en159re,PerplexingPegasus_
en1v4im,loloLogic,en159re,PerplexingPegasus_
en17qab,PerplexingPegasus_,en16qgz,paprikarat12
en181xd,PerplexingPegasus_,en173zh,jenovajunkie
en1a4t4,jenovajunkie,en181xd,PerplexingPegasus_
en1eq6z,PerplexingPegasus_,en1a4t4,jenovajunkie
en2qoy8,SirKolbath,en2qmpm,
en2rg5a,,en2qoy8,SirKolbath
en2y8h0,SirKolbath,en2rg5a,
en2fhjb,jimmyjoejimbob,en1m68p,EPGMDAWG
en2u8gu,EPGMDAWG,en2fhjb,jimmyjoejimbob
en241tp,SirKolbath,en1zhie,bonusfruit
en2fe93,jimmyjoejimbob,en1yl3t,Spibas
en43vi0,Spibas,en2fe93,jimmyjoejimbob
end3d0e,,end37wm,Govedo13
end6lqt,Govedo13,end3d0e,
en2fx0o,SirKolbath,en2fqhb,xensonic
en4h5yz,SalporinRP,en1cb9b,CainPrice
en21paj,BumblingBeta,en1ywem,supersaiyantren
en55ybo,supersaiyantren,en21paj,BumblingBeta
en3bmq6,,en1ywem,supersaiyantren
en500ua,RedPilledGodEmperor,en3bmq6,
en2x5lp,SesameStreetPimp,en1q1wg,rekabis
en30m55,rekabis,en2x5lp,SesameStreetPimp
en317r2,SesameStreetPimp,en30m55,rekabis
en36phg,redvelvet_oreo,en1q1wg,rekabis
en1h2wj,The_BitterTruth,en1g62r,massivewang
en2tunp,The_BitterTruth,en2bsf6,Theyllneverkn0w
enbfiuc,MoDuReddit,en2tunp,The_BitterTruth
en24jqo,The_BitterTruth,en23oeu,
en56va6,Aw0lManner,en2admf,hearse223
en1o9oz,RedForEducation,en1ccfd,
en1n5l6,DarkFunExist,en1ccfd,
en1cmvu,The_BitterTruth,en1ccfd,
en1ekhi,Blackhawk2479,en1cmvu,The_BitterTruth
en1ew4j,The_BitterTruth,en1ekhi,Blackhawk2479
en1fh51,Blackhawk2479,en1ew4j,The_BitterTruth
en1fmdo,The_BitterTruth,en1fh51,Blackhawk2479
en1g443,Blackhawk2479,en1fmdo,The_BitterTruth
en1g81o,The_BitterTruth,en1g443,Blackhawk2479
enoq52x,The_BitterTruth,enl181d,4bdul520
en1aur2,The_BitterTruth,en1a1p2,_do_not_read_this_
en1bcgv,_do_not_read_this_,en1aur2,The_BitterTruth
en1budl,GayLubeOil,en1bcgv,_do_not_read_this_
en1bqqr,The_BitterTruth,en1bcgv,_do_not_read_this_
en1uyhk,Dark_Lord_A,en1bcgv,_do_not_read_this_
en1f6p1,_do_not_read_this_,en1budl,GayLubeOil
en1f83p,_do_not_read_this_,en1bqqr,The_BitterTruth
en24idj,The_BitterTruth,en1uyhk,Dark_Lord_A
en1fstm,GayLubeOil,en1f6p1,_do_not_read_this_
en30vpq,SmackinDatAss,en1f6p1,_do_not_read_this_
en1fb4v,The_BitterTruth,en1f83p,_do_not_read_this_
en28n8c,Dark_Lord_A,en24idj,The_BitterTruth
en23xmb,,en1fb4v,The_BitterTruth
en24d2z,The_BitterTruth,en23xmb,
en1njqd,DarkFunExist,en1a1p2,_do_not_read_this_
en1ys6v,isthisalreadyused,en1a1p2,_do_not_read_this_
en225px,BumblingBeta,en1a1p2,_do_not_read_this_
en67nfk,,en5vz7a,
en9f8qb,ChristopherTracy9311,en7rqxf,
encw512,RStonePT,en9f8qb,ChristopherTracy9311
enh0z7w,,encw512,RStonePT
enhhqtq,,enh0z7w,
en02h5u,420KUSHBUSH,en008he,KeffirLime
en0c0yr,INNASKILLZ2K18,en008he,KeffirLime
en1011s,duck_duck_fuckyou,en008he,KeffirLime
en13dw1,redpill77,en008he,KeffirLime
en02dqw,420KUSHBUSH,emzw70b,INNASKILLZ2K18
en2iqkj,Brutal13,en23nsz,BumblingBeta
ennd6tj,steroidroid,en4tgmv,SKRedPill
en02hqm,420KUSHBUSH,emzy0f2,swordshab
enuh2f3,Biotechwhore,en02hqm,420KUSHBUSH
