ekosix7,cubed_turtle,bc91z0,yakuza_barda
ekox4rr,poopellar,ekosix7,cubed_turtle
ekounj1,CaillousRevenge,ekosix7,cubed_turtle
ekotsyi,BlazeFenton,ekosix7,cubed_turtle
ekp3bd0,hidden_raptor,ekosix7,cubed_turtle
ekoxnpl,10000wattsmile,ekox4rr,poopellar
ekp2qkp,KodiakUltimate,ekox4rr,poopellar
ekp4a6w,swishswish_disbish,ekox4rr,poopellar
ekou551,Sal_Bundry_5TDs1Game,ekotsyi,BlazeFenton
ekp2jnv,Idiocynical,ekoxnpl,10000wattsmile
ekp4pu4,Beeronastring,ekoxnpl,10000wattsmile
ekowcx1,PastasaurusRex,ekou551,Sal_Bundry_5TDs1Game
ekou7pd,Gam1ngChair,ekou551,Sal_Bundry_5TDs1Game
ekoyg37,whoreallyknows_,ekou551,Sal_Bundry_5TDs1Game
ekovvlt,viajen,ekou551,Sal_Bundry_5TDs1Game
ekov9s6,cubed_turtle,ekou551,Sal_Bundry_5TDs1Game
ekoyihp,5000_Fish,ekou551,Sal_Bundry_5TDs1Game
ekoyzr3,SymbioticCarnage,ekou551,Sal_Bundry_5TDs1Game
ekozly3,nogswarth,ekou551,Sal_Bundry_5TDs1Game
ekozm74,goosell,ekou551,Sal_Bundry_5TDs1Game
ekozye1,EL_SQUISHY,ekou551,Sal_Bundry_5TDs1Game
ekp04wg,under_a_brontosaurus,ekou551,Sal_Bundry_5TDs1Game
ekp08ll,RedditLevelOver9000,ekou551,Sal_Bundry_5TDs1Game
ekp33nk,SulkySkunkPomPoms,ekp2jnv,Idiocynical
ekozg7r,Beckybeck2323,ekowcx1,PastasaurusRex
ekp0ree,obscure_toast,ekowcx1,PastasaurusRex
ekouetg,ReadySteady_GO,ekou7pd,Gam1ngChair
ekoyffj,SafeThrowaway8675309,ekou7pd,Gam1ngChair
ekoz51u,BillBurrns,ekou7pd,Gam1ngChair
ekoz8gw,imreallybadattheory,ekou7pd,Gam1ngChair
ekozqw4,Peconpie10,ekou7pd,Gam1ngChair
ekoz542,dargonvessel,ekoyg37,whoreallyknows_
ekoyetv,Cherry-Blue,ekov9s6,cubed_turtle
ekoz1o9,T8teTheGreat,ekov9s6,cubed_turtle
ekozk61,tcs466,ekozg7r,Beckybeck2323
ekozfek,tobean,ekouetg,ReadySteady_GO
ekozgdn,bdemented,ekoyffj,SafeThrowaway8675309
ekp09uy,lizardscum,ekoz51u,BillBurrns
ekp05xy,Twinjetnugget,ekoz542,dargonvessel
ekozo7o,Snark_Weak,ekoyetv,Cherry-Blue
ekoz9ul,tobean,ekoz1o9,T8teTheGreat
ekp0xo6,Wicked-Spade,ekozk61,tcs466
ekozp4n,Beckybeck2323,ekozk61,tcs466
ekp48ig,Bigcockmoneyshot,ekozfek,tobean
ekp05fy,dhays202,ekoz9ul,tobean
ekp17hm,DolarisNL,ekp0xo6,Wicked-Spade
ekp04tq,C9Anus,ekozp4n,Beckybeck2323
ekp1j2t,Wicked-Spade,ekp17hm,DolarisNL
ekp0dsd,rasin_man,ekp04tq,C9Anus
ekosbft,Count_Chronic,bc91z0,yakuza_barda
ekov8nb,weebaustin,ekosbft,Count_Chronic
ekotoci,Sal_Bundry_5TDs1Game,ekosbft,Count_Chronic
ekoz0ye,venicerocco,ekov8nb,weebaustin
ekotr7y,J1K1M,ekotoci,Sal_Bundry_5TDs1Game
ekotw5o,TheCptMara,ekotoci,Sal_Bundry_5TDs1Game
ekotrjp,SycnoPolicz,ekotoci,Sal_Bundry_5TDs1Game
ekoznqi,YouGuysAreSick,ekotoci,Sal_Bundry_5TDs1Game
ekousxm,Flaming_Homosexual_,ekotoci,Sal_Bundry_5TDs1Game
ekozfxl,Xvexe,ekotoci,Sal_Bundry_5TDs1Game
ekp2za0,MasterOfChaos4,ekotoci,Sal_Bundry_5TDs1Game
ekp06q5,Awesomo12000,ekoz0ye,venicerocco
ekp09sv,Ihavemyownpizzaoven,ekoz0ye,venicerocco
ekp3bpa,puddlejumpers,ekoz0ye,venicerocco
ekp36oz,808borg,ekoz0ye,venicerocco
ekotvk9,l4dlouis,ekotr7y,J1K1M
ekoxpzd,10000wattsmile,ekousxm,Flaming_Homosexual_
ekp2s5r,anonymous_8910,ekp09sv,Ihavemyownpizzaoven
ekotm43,dickcheese_analmeat,bc91z0,yakuza_barda
ekoxhbx,Peabo721,ekotm43,dickcheese_analmeat
ekoxw03,deedoedee,ekoxhbx,Peabo721
ekp1a3b,podboi,ekoxw03,deedoedee
ekoy89x,Peabo721,ekoxw03,deedoedee
ekp3d55,puddlejumpers,ekp1a3b,podboi
ekp3cmo,spasmaticblaster,ekp1a3b,podboi
ekoyzjt,azur08,ekoy89x,Peabo721
ekp75ou,Yocemighty,ekp3d55,puddlejumpers
ekozok1,EssVeeUU,ekoyzjt,azur08
ekp7cri,Yocemighty,ekoyzjt,azur08
ekotufg,loveslut,bc91z0,yakuza_barda
ekou3tz,batkevn,ekotufg,loveslut
ekovoku,COAchillENT,ekotufg,loveslut
ekowp7c,Cantfindany,ekotufg,loveslut
ekowevn,1337lolguyman,ekotufg,loveslut
ekovmz0,Drews232,ekotufg,loveslut
ekoxzav,J0rdian,ekotufg,loveslut
ekoyh69,ottrocity,ekotufg,loveslut
ekoydwu,Revan7even,ekotufg,loveslut
ekoz11y,bangupjobasusual,ekotufg,loveslut
ekoz5y3,hubbabubbawatson,ekotufg,loveslut
ekozdgk,KazutoIshin,ekotufg,loveslut
ekp3qhg,C00kiz,ekotufg,loveslut
ekp3s26,ikeeteri,ekotufg,loveslut
ekp5jm3,TheReverseFlash,ekotufg,loveslut
ekp67xv,BKDoesTech,ekotufg,loveslut
ekp7d67,theUSpopulation,ekotufg,loveslut
ekoumfy,dankmelk,ekou3tz,batkevn
ekozf0w,Amon-Re-72,ekovoku,COAchillENT
ekp00oz,NoMoreNicksLeft,ekovoku,COAchillENT
ekp689j,Hickory_Dickory_Derp,ekovoku,COAchillENT
ekoy8yu,Pircay,ekovmz0,Drews232
ekow0cr,_Squirrel_Fucker,ekoumfy,dankmelk
ekp0epb,lizardscum,ekoumfy,dankmelk
ekp00zy,Sataris,ekoumfy,dankmelk
ekowdab,,ekoumfy,dankmelk
ekox6ii,forebill,ekoumfy,dankmelk
ekozrr9,MrHyperion_,ekoumfy,dankmelk
ekp19nf,straybludger,ekoumfy,dankmelk
ekp36dq,Lorenzvc,ekoumfy,dankmelk
ekp6bwr,bookman_,ekoumfy,dankmelk
ekp20sa,platypus_bear,ekozf0w,Amon-Re-72
ekp3cq6,LordHussyPants,ekozf0w,Amon-Re-72
ekp5awd,blargh9001,ekozf0w,Amon-Re-72
ekp0x2w,COAchillENT,ekp00oz,NoMoreNicksLeft
ekp2svc,scarysnake333,ekp00oz,NoMoreNicksLeft
ekoydoy,TapTapLift,ekow0cr,_Squirrel_Fucker
ekoyei4,load_more_comets,ekow0cr,_Squirrel_Fucker
ekp575k,k-uke,ekow0cr,_Squirrel_Fucker
ekp6mc4,Srapture,ekow0cr,_Squirrel_Fucker
ekp4xct,PhotoshopFix,ekow0cr,_Squirrel_Fucker
ekozcli,thinkingwithfractals,ekowdab,
ekoy06f,SSBM_DangGan,ekowdab,
ekoz4gj,Revan7even,ekowdab,
ekoyc9b,thrway1312,ekowdab,
ekoy7t3,GratefulSlug13,ekowdab,
ekoz71v,RealRobRose,ekowdab,
ekp2mod,infecthead,ekozrr9,MrHyperion_
ekp3t3h,Ferrocene_swgoh,ekp20sa,platypus_bear
ekp7g57,Yocemighty,ekp3cq6,LordHussyPants
ekp1sz9,Hobadee,ekp0x2w,COAchillENT
ekp6z9e,CammyTheGreat,ekoydoy,TapTapLift
ekp3bis,JamesofEngland,ekoydoy,TapTapLift
ekp1qn1,TheRealBallchynz,ekoyei4,load_more_comets
ekp04h4,abductodude,ekoyei4,load_more_comets
ekp0cju,ZimGotTheBug,ekozcli,thinkingwithfractals
ekp29cd,Deepthroat_Your_Tits,ekozcli,thinkingwithfractals
ekp2bxb,BKStephens,ekozcli,thinkingwithfractals
ekp5bd0,TheMildboy,ekozcli,thinkingwithfractals
ekp3u7s,Happy_Each_Day,ekozcli,thinkingwithfractals
ekoy9as,Joefalcon13,ekoy06f,SSBM_DangGan
ekp7hko,TWI2T3D,ekoz4gj,Revan7even
ekp2581,justaboxinacage,ekp1sz9,Hobadee
ekp315v,Lunares,ekp1sz9,Hobadee
ekp248m,Flame493,ekp1qn1,TheRealBallchynz
ekp00gx,SprittneyBeers,ekoy9as,Joefalcon13
ekp03r2,Joefalcon13,ekp00gx,SprittneyBeers
ekp4ovo,TwyJ,ekp03r2,Joefalcon13
ekozwkh,ChillBusta,bc91z0,yakuza_barda
ekp1v30,Cuzdesktopsucks,ekozwkh,ChillBusta
ekp30w2,ChillBusta,ekp1v30,Cuzdesktopsucks
ekoqsqz,hiimjohngalt,bc91z0,yakuza_barda
ekoto4n,weagle11,ekoqsqz,hiimjohngalt
ekotj4a,TheBamaKing,ekoqsqz,hiimjohngalt
ekp369r,BernieEffingSanders,ekoqsqz,hiimjohngalt
ekoubgs,JDDW,ekoqsqz,hiimjohngalt
ekotm6f,a_park_,ekoqsqz,hiimjohngalt
ekov025,The_Hieb,ekoto4n,weagle11
ekoyn1y,forebill,ekoto4n,weagle11
ekozxfy,cosgyp,ekoto4n,weagle11
ekozylo,Throwwawaycamera,ekoto4n,weagle11
ekp00qr,NotAcceptingPMs,ekoto4n,weagle11
ekp32ty,hiimjohngalt,ekoto4n,weagle11
ekp7g75,mildlyannoyedbird,ekoto4n,weagle11
ekotmkg,IceSurge_,ekotj4a,TheBamaKing
ekow5cu,SpicyCelery,ekotj4a,TheBamaKing
ekovy6k,weagle11,ekov025,The_Hieb
ekowyle,zductiv,ekov025,The_Hieb
ekp508o,turtle_flu,ekov025,The_Hieb
ekp5bp7,5213,ekov025,The_Hieb
ekp3ad5,PM_PICS_OF_ME_NAKED,ekoyn1y,forebill
ekotoiy,TheBamaKing,ekotmkg,IceSurge_
ekox01j,zductiv,ekotmkg,IceSurge_
ekoxd26,forebill,ekovy6k,weagle11
ekoyd0g,nightlifestructured,ekowyle,zductiv
ekotru3,IceSurge_,ekotoiy,TheBamaKing
ekox5vk,zductiv,ekotoiy,TheBamaKing
ekp5hkp,IceSurge_,ekox01j,zductiv
ekp0z10,baconstrips4canada,ekoxd26,forebill
ekow2ad,_Squirrel_Fucker,ekotru3,IceSurge_
ekp6ebd,zductiv,ekp5hkp,IceSurge_
ekp1s70,TheRealBallchynz,ekp0z10,baconstrips4canada
ekoy1t1,discoafroman,ekow2ad,_Squirrel_Fucker
ekp1ydg,Downvotes_All_Dogs,ekp1s70,TheRealBallchynz
ekp20ie,threedaysmore,ekp1s70,TheRealBallchynz
ekp51ug,turtle_flu,ekp1ydg,Downvotes_All_Dogs
ekot2ib,amwad_,bc91z0,yakuza_barda
ekot5gu,Sealouz,ekot2ib,amwad_
ekp2ait,ChestShitter69,ekot5gu,Sealouz
ekotp0g,Zachman97,bc91z0,yakuza_barda
ekouj2q,PYLrulz,ekotp0g,Zachman97
ekowjer,cthcarter,ekotp0g,Zachman97
ekow34k,_Squirrel_Fucker,ekotp0g,Zachman97
ekp4796,yakuza_barda,ekouj2q,PYLrulz
ekp6jt9,Freddybom,ekouj2q,PYLrulz
ekow4g8,cosmosopher,bc91z0,yakuza_barda
ekp3mla,cgmcw90,ekow4g8,cosmosopher
ekp5mmo,Homer_Simpson_,ekow4g8,cosmosopher
ekp7505,MrST88,ekow4g8,cosmosopher
ekoxlfy,Media_Offline,ekow4g8,cosmosopher
ekoqow4,ilovetits2,bc91z0,yakuza_barda
ekoubs1,MooseClobbler,ekoqow4,ilovetits2
ekouq6q,MrsBox,ekoubs1,MooseClobbler
ekoybzm,BunnyOppai,ekouq6q,MrsBox
ekotmw6,TheMuffinistMan,bc91z0,yakuza_barda
ekov8k0,21suns,ekotmw6,TheMuffinistMan
ekowv43,TheMuffinistMan,ekov8k0,21suns
ekotzmo,Mewfacer,bc91z0,yakuza_barda
ekovc1o,serenityak77,bc91z0,yakuza_barda
ekotarv,ericlojo,bc91z0,yakuza_barda
ekoxhvv,Peabo721,ekotarv,ericlojo
ekowkvh,ChazMagnum,bc91z0,yakuza_barda
ekoxf6h,Unique_NY,ekowkvh,ChazMagnum
ekox4d9,nomoreloorking,bc91z0,yakuza_barda
ekoyrm6,marvel-DC61652,bc91z0,yakuza_barda
ekp4c08,BauerHouse,bc91z0,yakuza_barda
ekp6nix,Juidodin,ekp4c08,BauerHouse
ekp6sah,Ryunio85,ekp6nix,Juidodin
ekp79hs,Juidodin,ekp6sah,Ryunio85
ekp4mgr,theuniemeborn,bc91z0,yakuza_barda
ekp4o0l,ZF3103,bc91z0,yakuza_barda
ekoyief,MAX2PLAY4FUN,bc91z0,yakuza_barda
ekot30m,Myipadduh,bc91z0,yakuza_barda
ekp0565,StealthyKilla,ekot30m,Myipadduh
ekott33,chdsgr12,bc91z0,yakuza_barda
ekou2zl,wallpaper-engineer,bc91z0,yakuza_barda
ekoucfd,gandhi890,bc91z0,yakuza_barda
ekp5fsv,Nugur,ekoucfd,gandhi890
ekouh9d,oxHAVOCxo,bc91z0,yakuza_barda
ekoujpj,bellacoldbrew,bc91z0,yakuza_barda
ekouk2s,Nesano,bc91z0,yakuza_barda
ekoukf9,Il_Capitano_DickBag,bc91z0,yakuza_barda
ekoun0u,sdawn13_,bc91z0,yakuza_barda
ekp1kmr,Jordsport,ekoun0u,sdawn13_
ekouqmj,-Redstoneboi-,bc91z0,yakuza_barda
ekp3z3w,Happy_Each_Day,ekouqmj,-Redstoneboi-
ekouung,SpartanMadara,bc91z0,yakuza_barda
ekovmy4,PurpleZombiePanda,bc91z0,yakuza_barda
ekovrgk,Recovering_Asshole13,bc91z0,yakuza_barda
ekovu7v,heatbeam,bc91z0,yakuza_barda
ekovvh4,ConsterMock93,bc91z0,yakuza_barda
ekovzqw,ConsterMock93,bc91z0,yakuza_barda
ekow4tq,_Squirrel_Fucker,bc91z0,yakuza_barda
ekow6c5,codysgameworld,bc91z0,yakuza_barda
ekow8um,amgk1016,bc91z0,yakuza_barda
ekowbky,Atmospharoah,bc91z0,yakuza_barda
ekowfgw,TheJuul-aidMan,bc91z0,yakuza_barda
ekownxt,yParticle,bc91z0,yakuza_barda
ekowo1o,Trecanan,bc91z0,yakuza_barda
ekowqyy,jakeseyenipples,bc91z0,yakuza_barda
ekows44,Lvchapino,bc91z0,yakuza_barda
ekowzdc,Syphlor,bc91z0,yakuza_barda
ekox3ls,Krovahn,bc91z0,yakuza_barda
ekox44f,prothot,bc91z0,yakuza_barda
ekox4ba,VredditDownloader,ekox44f,prothot
ekox7r4,walterh3,bc91z0,yakuza_barda
ekoxnzq,WongaSparA80,ekox7r4,walterh3
ekoxtrp,exission,bc91z0,yakuza_barda
ekoxund,BigL_732,bc91z0,yakuza_barda
ekoxw0x,House420,bc91z0,yakuza_barda
ekoxxy2,vredditshare,ekoxw0x,House420
ekoy084,ink_is_juice_2,bc91z0,yakuza_barda
ekoy1z9,Daniekhk90,bc91z0,yakuza_barda
ekoy27p,DerpyLandFishy,bc91z0,yakuza_barda
ekoykxs,kingsleyadam,bc91z0,yakuza_barda
ekoyn1a,problystoned3666,bc91z0,yakuza_barda
ekoynqq,Antonds2003,bc91z0,yakuza_barda
ekoytrm,Lemonaided17,bc91z0,yakuza_barda
ekoytu8,-PM-Me-something-,bc91z0,yakuza_barda
ekoyv1w,alif_haziq,bc91z0,yakuza_barda
ekoyvce,the-llama-empress,bc91z0,yakuza_barda
ekoz4lt,TheMightyHead,bc91z0,yakuza_barda
ekoz6sm,I_talk,bc91z0,yakuza_barda
ekoz9mh,smj11699,bc91z0,yakuza_barda
ekozdyo,Kaskut,bc91z0,yakuza_barda
ekozeiq,isaacYouKnowMe,bc91z0,yakuza_barda
ekozh96,Amon-Re-72,bc91z0,yakuza_barda
ekozhz2,CurtisMark,bc91z0,yakuza_barda
ekp0d7l,Leto_,ekozhz2,CurtisMark
ekozkyk,Yougottabekidney,bc91z0,yakuza_barda
ekozo1w,AmusementRyder,bc91z0,yakuza_barda
ekozu6d,RightHandofKarma,bc91z0,yakuza_barda
ekp064p,topredditbot,bc91z0,yakuza_barda
ekp0bre,mikey_powa,bc91z0,yakuza_barda
ekp0iah,Retb14,ekp0bre,mikey_powa
ekp0f79,ElegantPotato8661,bc91z0,yakuza_barda
ekp0fki,ElegantPotato8661,bc91z0,yakuza_barda
ekp0m3x,_LaimB,bc91z0,yakuza_barda
ekp0or8,GoMake_me_a_sandwich,bc91z0,yakuza_barda
ekp0w67,Falcon_Alpha_Delta,bc91z0,yakuza_barda
ekp0wpx,CasualCommenterBC,bc91z0,yakuza_barda
ekp0z9y,JackDash_SickoYeet,bc91z0,yakuza_barda
ekp15q5,SkyTofu,bc91z0,yakuza_barda
ekp322d,Koulyone,ekp15q5,SkyTofu
ekp1agd,ZachyDaddy,bc91z0,yakuza_barda
ekp1eyp,NoEngrish,bc91z0,yakuza_barda
ekp1g8c,phunkyfill,bc91z0,yakuza_barda
ekp1qmq,howdey3,bc91z0,yakuza_barda
ekp1x95,ShiroHachiRoku,bc91z0,yakuza_barda
ekp21uo,infamousmcneal,bc91z0,yakuza_barda
ekp23nd,Kuusizaari15,bc91z0,yakuza_barda
ekp25m3,GreatBallsOfFire_,bc91z0,yakuza_barda
ekp265y,mahu727,bc91z0,yakuza_barda
ekp2d5t,whitewolfrevenge,bc91z0,yakuza_barda
ekp2j8h,cupcakesloth94,bc91z0,yakuza_barda
ekp2l8f,NonAbleist,bc91z0,yakuza_barda
ekp6t2d,HomoHirsutus,ekp2l8f,NonAbleist
ekp2p7h,cerosso,bc91z0,yakuza_barda
ekp2qps,erds,bc91z0,yakuza_barda
ekp2so3,Muon_Neutrino06,bc91z0,yakuza_barda
ekp2t7z,K_Byrd2,bc91z0,yakuza_barda
ekp329w,ughlump,bc91z0,yakuza_barda
ekp3bum,Sevenoaken,bc91z0,yakuza_barda
ekp3cr1,Akephalos_Agares,bc91z0,yakuza_barda
ekp3f7r,andertats,bc91z0,yakuza_barda
ekp3gjs,Shizzle-Dizzle,bc91z0,yakuza_barda
ekp3jal,fallen118,bc91z0,yakuza_barda
ekp3jkm,VyxtelHD,bc91z0,yakuza_barda
ekp3kdb,comp-sci-fi2,bc91z0,yakuza_barda
ekp3lw4,LazarusCrowley,bc91z0,yakuza_barda
ekp3nq0,VVaLtSuF,bc91z0,yakuza_barda
ekp3qpw,MellifluousPenguin,bc91z0,yakuza_barda
ekp3w6b,OPEN_REDDIT_APP,bc91z0,yakuza_barda
ekp49wj,Borkball,bc91z0,yakuza_barda
ekp4abb,Zorkofskij,bc91z0,yakuza_barda
ekp4byu,Ability5,bc91z0,yakuza_barda
ekp4nf8,Isaaclyright,bc91z0,yakuza_barda
ekp4r7f,netnik,bc91z0,yakuza_barda
ekp4vvn,Undefinedmeteor,bc91z0,yakuza_barda
ekp4yhl,BenJoooYT,bc91z0,yakuza_barda
ekp4ziu,whatiaskwheniambored,bc91z0,yakuza_barda
ekp59ke,DrunkenDude123,bc91z0,yakuza_barda
ekp5uwt,Ceejmo79999gh,bc91z0,yakuza_barda
ekp72va,Dragonspankr,bc91z0,yakuza_barda
ekp784r,crunchypens,bc91z0,yakuza_barda
ekp7fb2,TurkIZL,bc91z0,yakuza_barda
ekp7l8t,UniqueBrowser,bc91z0,yakuza_barda
ekp7nv4,Jumpman707,bc91z0,yakuza_barda
ekp7ou4,StefTD,bc91z0,yakuza_barda
ekot9n3,boibraindeddd,bc91z0,yakuza_barda
ekotqz9,WentzToWawa,ekot9n3,boibraindeddd
ekoxpzg,WongaSparA80,ekot9n3,boibraindeddd
ekotfkt,Blastspark01,ekot9n3,boibraindeddd
ekotkhj,Tank_Girl_Gritty_235,ekotfkt,Blastspark01
ekotms6,PansexualEmoSwan,ekotfkt,Blastspark01
ekoupvq,boibraindeddd,ekotfkt,Blastspark01
ekotht1,RyeDogPi,bc91z0,yakuza_barda
ekoyi6f,Lazy_Genius,ekotht1,RyeDogPi
ekp1d59,Swagmaster_Frankfurt,ekotht1,RyeDogPi
ekotke1,a_park_,bc91z0,yakuza_barda
ekoua82,ejiggle,bc91z0,yakuza_barda
ekow81w,toxic_turtle2,bc91z0,yakuza_barda
ekox6kp,buyingaspaceship,bc91z0,yakuza_barda
ekp0dq7,Prdpchinna,bc91z0,yakuza_barda
ekoucai,plausiblefalcon,bc91z0,yakuza_barda
ekot4uk,PTM_Y-Axis,bc91z0,yakuza_barda
ekotktn,Walusqueegee,ekot4uk,PTM_Y-Axis
ekoygg1,Lazy_Genius,ekotktn,Walusqueegee
ekotww5,Zeabos,ekotktn,Walusqueegee
ekotn7q,PTM_Y-Axis,ekotktn,Walusqueegee
ekoyuna,Walusqueegee,ekoygg1,Lazy_Genius
ekoxr6c,WongaSparA80,ekotww5,Zeabos
ekovart,njbeck,ekotn7q,PTM_Y-Axis
ekovbbd,PTM_Y-Axis,ekovart,njbeck
ekox4rr,poopellar,ekosix7,cubed_turtle
ekoxnpl,10000wattsmile,ekox4rr,poopellar
ekp2qkp,KodiakUltimate,ekox4rr,poopellar
ekp4a6w,swishswish_disbish,ekox4rr,poopellar
ekp2jnv,Idiocynical,ekoxnpl,10000wattsmile
ekp4pu4,Beeronastring,ekoxnpl,10000wattsmile
ekp33nk,SulkySkunkPomPoms,ekp2jnv,Idiocynical
ekounj1,CaillousRevenge,ekosix7,cubed_turtle
ekotsyi,BlazeFenton,ekosix7,cubed_turtle
ekou551,Sal_Bundry_5TDs1Game,ekotsyi,BlazeFenton
ekowcx1,PastasaurusRex,ekou551,Sal_Bundry_5TDs1Game
ekou7pd,Gam1ngChair,ekou551,Sal_Bundry_5TDs1Game
ekoyg37,whoreallyknows_,ekou551,Sal_Bundry_5TDs1Game
ekovvlt,viajen,ekou551,Sal_Bundry_5TDs1Game
ekov9s6,cubed_turtle,ekou551,Sal_Bundry_5TDs1Game
ekoyihp,5000_Fish,ekou551,Sal_Bundry_5TDs1Game
ekoyzr3,SymbioticCarnage,ekou551,Sal_Bundry_5TDs1Game
ekozly3,nogswarth,ekou551,Sal_Bundry_5TDs1Game
ekozm74,goosell,ekou551,Sal_Bundry_5TDs1Game
ekozye1,EL_SQUISHY,ekou551,Sal_Bundry_5TDs1Game
ekp04wg,under_a_brontosaurus,ekou551,Sal_Bundry_5TDs1Game
ekp08ll,RedditLevelOver9000,ekou551,Sal_Bundry_5TDs1Game
ekozg7r,Beckybeck2323,ekowcx1,PastasaurusRex
ekp0ree,obscure_toast,ekowcx1,PastasaurusRex
ekouetg,ReadySteady_GO,ekou7pd,Gam1ngChair
ekoyffj,SafeThrowaway8675309,ekou7pd,Gam1ngChair
ekoz51u,BillBurrns,ekou7pd,Gam1ngChair
ekoz8gw,imreallybadattheory,ekou7pd,Gam1ngChair
ekozqw4,Peconpie10,ekou7pd,Gam1ngChair
ekoz542,dargonvessel,ekoyg37,whoreallyknows_
ekoyetv,Cherry-Blue,ekov9s6,cubed_turtle
ekoz1o9,T8teTheGreat,ekov9s6,cubed_turtle
ekozk61,tcs466,ekozg7r,Beckybeck2323
ekozfek,tobean,ekouetg,ReadySteady_GO
ekozgdn,bdemented,ekoyffj,SafeThrowaway8675309
ekp09uy,lizardscum,ekoz51u,BillBurrns
ekp05xy,Twinjetnugget,ekoz542,dargonvessel
ekozo7o,Snark_Weak,ekoyetv,Cherry-Blue
ekoz9ul,tobean,ekoz1o9,T8teTheGreat
ekp0xo6,Wicked-Spade,ekozk61,tcs466
ekozp4n,Beckybeck2323,ekozk61,tcs466
ekp48ig,Bigcockmoneyshot,ekozfek,tobean
ekp05fy,dhays202,ekoz9ul,tobean
ekp17hm,DolarisNL,ekp0xo6,Wicked-Spade
ekp04tq,C9Anus,ekozp4n,Beckybeck2323
ekp1j2t,Wicked-Spade,ekp17hm,DolarisNL
ekp0dsd,rasin_man,ekp04tq,C9Anus
ekp3bd0,hidden_raptor,ekosix7,cubed_turtle
ekov8nb,weebaustin,ekosbft,Count_Chronic
ekoz0ye,venicerocco,ekov8nb,weebaustin
ekp06q5,Awesomo12000,ekoz0ye,venicerocco
ekp09sv,Ihavemyownpizzaoven,ekoz0ye,venicerocco
ekp3bpa,puddlejumpers,ekoz0ye,venicerocco
ekp36oz,808borg,ekoz0ye,venicerocco
ekp2s5r,anonymous_8910,ekp09sv,Ihavemyownpizzaoven
ekotoci,Sal_Bundry_5TDs1Game,ekosbft,Count_Chronic
ekotr7y,J1K1M,ekotoci,Sal_Bundry_5TDs1Game
ekotw5o,TheCptMara,ekotoci,Sal_Bundry_5TDs1Game
ekotrjp,SycnoPolicz,ekotoci,Sal_Bundry_5TDs1Game
ekoznqi,YouGuysAreSick,ekotoci,Sal_Bundry_5TDs1Game
ekousxm,Flaming_Homosexual_,ekotoci,Sal_Bundry_5TDs1Game
ekozfxl,Xvexe,ekotoci,Sal_Bundry_5TDs1Game
ekp2za0,MasterOfChaos4,ekotoci,Sal_Bundry_5TDs1Game
ekotvk9,l4dlouis,ekotr7y,J1K1M
ekoxpzd,10000wattsmile,ekousxm,Flaming_Homosexual_
ekoxhbx,Peabo721,ekotm43,dickcheese_analmeat
ekoxw03,deedoedee,ekoxhbx,Peabo721
ekp1a3b,podboi,ekoxw03,deedoedee
ekoy89x,Peabo721,ekoxw03,deedoedee
ekp3d55,puddlejumpers,ekp1a3b,podboi
ekp3cmo,spasmaticblaster,ekp1a3b,podboi
ekoyzjt,azur08,ekoy89x,Peabo721
ekp75ou,Yocemighty,ekp3d55,puddlejumpers
ekozok1,EssVeeUU,ekoyzjt,azur08
ekp7cri,Yocemighty,ekoyzjt,azur08
ekou3tz,batkevn,ekotufg,loveslut
ekoumfy,dankmelk,ekou3tz,batkevn
ekow0cr,_Squirrel_Fucker,ekoumfy,dankmelk
ekp0epb,lizardscum,ekoumfy,dankmelk
ekp00zy,Sataris,ekoumfy,dankmelk
ekowdab,,ekoumfy,dankmelk
ekox6ii,forebill,ekoumfy,dankmelk
ekozrr9,MrHyperion_,ekoumfy,dankmelk
ekp19nf,straybludger,ekoumfy,dankmelk
ekp36dq,Lorenzvc,ekoumfy,dankmelk
ekp6bwr,bookman_,ekoumfy,dankmelk
ekoydoy,TapTapLift,ekow0cr,_Squirrel_Fucker
ekoyei4,load_more_comets,ekow0cr,_Squirrel_Fucker
ekp575k,k-uke,ekow0cr,_Squirrel_Fucker
ekp6mc4,Srapture,ekow0cr,_Squirrel_Fucker
ekp4xct,PhotoshopFix,ekow0cr,_Squirrel_Fucker
ekozcli,thinkingwithfractals,ekowdab,
ekoy06f,SSBM_DangGan,ekowdab,
ekoz4gj,Revan7even,ekowdab,
ekoyc9b,thrway1312,ekowdab,
ekoy7t3,GratefulSlug13,ekowdab,
ekoz71v,RealRobRose,ekowdab,
ekp2mod,infecthead,ekozrr9,MrHyperion_
ekp6z9e,CammyTheGreat,ekoydoy,TapTapLift
ekp3bis,JamesofEngland,ekoydoy,TapTapLift
ekp1qn1,TheRealBallchynz,ekoyei4,load_more_comets
ekp04h4,abductodude,ekoyei4,load_more_comets
ekp0cju,ZimGotTheBug,ekozcli,thinkingwithfractals
ekp29cd,Deepthroat_Your_Tits,ekozcli,thinkingwithfractals
ekp2bxb,BKStephens,ekozcli,thinkingwithfractals
ekp5bd0,TheMildboy,ekozcli,thinkingwithfractals
ekp3u7s,Happy_Each_Day,ekozcli,thinkingwithfractals
ekoy9as,Joefalcon13,ekoy06f,SSBM_DangGan
ekp7hko,TWI2T3D,ekoz4gj,Revan7even
ekp248m,Flame493,ekp1qn1,TheRealBallchynz
ekp00gx,SprittneyBeers,ekoy9as,Joefalcon13
ekp03r2,Joefalcon13,ekp00gx,SprittneyBeers
ekp4ovo,TwyJ,ekp03r2,Joefalcon13
ekovoku,COAchillENT,ekotufg,loveslut
ekozf0w,Amon-Re-72,ekovoku,COAchillENT
ekp00oz,NoMoreNicksLeft,ekovoku,COAchillENT
ekp689j,Hickory_Dickory_Derp,ekovoku,COAchillENT
ekp20sa,platypus_bear,ekozf0w,Amon-Re-72
ekp3cq6,LordHussyPants,ekozf0w,Amon-Re-72
ekp5awd,blargh9001,ekozf0w,Amon-Re-72
ekp0x2w,COAchillENT,ekp00oz,NoMoreNicksLeft
ekp2svc,scarysnake333,ekp00oz,NoMoreNicksLeft
ekp3t3h,Ferrocene_swgoh,ekp20sa,platypus_bear
ekp7g57,Yocemighty,ekp3cq6,LordHussyPants
ekp1sz9,Hobadee,ekp0x2w,COAchillENT
ekp2581,justaboxinacage,ekp1sz9,Hobadee
ekp315v,Lunares,ekp1sz9,Hobadee
ekowp7c,Cantfindany,ekotufg,loveslut
ekowevn,1337lolguyman,ekotufg,loveslut
ekovmz0,Drews232,ekotufg,loveslut
ekoy8yu,Pircay,ekovmz0,Drews232
ekoxzav,J0rdian,ekotufg,loveslut
ekoyh69,ottrocity,ekotufg,loveslut
ekoydwu,Revan7even,ekotufg,loveslut
ekoz11y,bangupjobasusual,ekotufg,loveslut
ekoz5y3,hubbabubbawatson,ekotufg,loveslut
ekozdgk,KazutoIshin,ekotufg,loveslut
ekp3qhg,C00kiz,ekotufg,loveslut
ekp3s26,ikeeteri,ekotufg,loveslut
ekp5jm3,TheReverseFlash,ekotufg,loveslut
ekp67xv,BKDoesTech,ekotufg,loveslut
ekp7d67,theUSpopulation,ekotufg,loveslut
ekp1v30,Cuzdesktopsucks,ekozwkh,ChillBusta
ekp30w2,ChillBusta,ekp1v30,Cuzdesktopsucks
ekoto4n,weagle11,ekoqsqz,hiimjohngalt
ekov025,The_Hieb,ekoto4n,weagle11
ekoyn1y,forebill,ekoto4n,weagle11
ekozxfy,cosgyp,ekoto4n,weagle11
ekozylo,Throwwawaycamera,ekoto4n,weagle11
ekp00qr,NotAcceptingPMs,ekoto4n,weagle11
ekp32ty,hiimjohngalt,ekoto4n,weagle11
ekp7g75,mildlyannoyedbird,ekoto4n,weagle11
ekovy6k,weagle11,ekov025,The_Hieb
ekowyle,zductiv,ekov025,The_Hieb
ekp508o,turtle_flu,ekov025,The_Hieb
ekp5bp7,5213,ekov025,The_Hieb
ekp3ad5,PM_PICS_OF_ME_NAKED,ekoyn1y,forebill
ekoxd26,forebill,ekovy6k,weagle11
ekoyd0g,nightlifestructured,ekowyle,zductiv
ekp0z10,baconstrips4canada,ekoxd26,forebill
ekp1s70,TheRealBallchynz,ekp0z10,baconstrips4canada
ekp1ydg,Downvotes_All_Dogs,ekp1s70,TheRealBallchynz
ekp20ie,threedaysmore,ekp1s70,TheRealBallchynz
ekp51ug,turtle_flu,ekp1ydg,Downvotes_All_Dogs
ekotj4a,TheBamaKing,ekoqsqz,hiimjohngalt
ekotmkg,IceSurge_,ekotj4a,TheBamaKing
ekow5cu,SpicyCelery,ekotj4a,TheBamaKing
ekotoiy,TheBamaKing,ekotmkg,IceSurge_
ekox01j,zductiv,ekotmkg,IceSurge_
ekotru3,IceSurge_,ekotoiy,TheBamaKing
ekox5vk,zductiv,ekotoiy,TheBamaKing
ekp5hkp,IceSurge_,ekox01j,zductiv
ekow2ad,_Squirrel_Fucker,ekotru3,IceSurge_
ekp6ebd,zductiv,ekp5hkp,IceSurge_
ekoy1t1,discoafroman,ekow2ad,_Squirrel_Fucker
ekp369r,BernieEffingSanders,ekoqsqz,hiimjohngalt
ekoubgs,JDDW,ekoqsqz,hiimjohngalt
ekotm6f,a_park_,ekoqsqz,hiimjohngalt
ekot5gu,Sealouz,ekot2ib,amwad_
ekp2ait,ChestShitter69,ekot5gu,Sealouz
ekouj2q,PYLrulz,ekotp0g,Zachman97
ekp4796,yakuza_barda,ekouj2q,PYLrulz
ekp6jt9,Freddybom,ekouj2q,PYLrulz
ekowjer,cthcarter,ekotp0g,Zachman97
ekow34k,_Squirrel_Fucker,ekotp0g,Zachman97
ekp3mla,cgmcw90,ekow4g8,cosmosopher
ekp5mmo,Homer_Simpson_,ekow4g8,cosmosopher
ekp7505,MrST88,ekow4g8,cosmosopher
ekoxlfy,Media_Offline,ekow4g8,cosmosopher
ekoubs1,MooseClobbler,ekoqow4,ilovetits2
ekouq6q,MrsBox,ekoubs1,MooseClobbler
ekoybzm,BunnyOppai,ekouq6q,MrsBox
ekov8k0,21suns,ekotmw6,TheMuffinistMan
ekowv43,TheMuffinistMan,ekov8k0,21suns
ekoxhvv,Peabo721,ekotarv,ericlojo
ekoxf6h,Unique_NY,ekowkvh,ChazMagnum
ekp6nix,Juidodin,ekp4c08,BauerHouse
ekp6sah,Ryunio85,ekp6nix,Juidodin
ekp79hs,Juidodin,ekp6sah,Ryunio85
ekp0565,StealthyKilla,ekot30m,Myipadduh
ekp5fsv,Nugur,ekoucfd,gandhi890
ekp1kmr,Jordsport,ekoun0u,sdawn13_
ekp3z3w,Happy_Each_Day,ekouqmj,-Redstoneboi-
ekox4ba,VredditDownloader,ekox44f,prothot
ekoxnzq,WongaSparA80,ekox7r4,walterh3
ekoxxy2,vredditshare,ekoxw0x,House420
ekp0d7l,Leto_,ekozhz2,CurtisMark
ekp0iah,Retb14,ekp0bre,mikey_powa
ekp322d,Koulyone,ekp15q5,SkyTofu
ekp6t2d,HomoHirsutus,ekp2l8f,NonAbleist
ekotqz9,WentzToWawa,ekot9n3,boibraindeddd
ekoxpzg,WongaSparA80,ekot9n3,boibraindeddd
ekotfkt,Blastspark01,ekot9n3,boibraindeddd
ekotkhj,Tank_Girl_Gritty_235,ekotfkt,Blastspark01
ekotms6,PansexualEmoSwan,ekotfkt,Blastspark01
ekoupvq,boibraindeddd,ekotfkt,Blastspark01
ekoyi6f,Lazy_Genius,ekotht1,RyeDogPi
ekp1d59,Swagmaster_Frankfurt,ekotht1,RyeDogPi
ekotktn,Walusqueegee,ekot4uk,PTM_Y-Axis
ekoygg1,Lazy_Genius,ekotktn,Walusqueegee
ekotww5,Zeabos,ekotktn,Walusqueegee
ekotn7q,PTM_Y-Axis,ekotktn,Walusqueegee
ekoyuna,Walusqueegee,ekoygg1,Lazy_Genius
ekoxr6c,WongaSparA80,ekotww5,Zeabos
ekovart,njbeck,ekotn7q,PTM_Y-Axis
ekovbbd,PTM_Y-Axis,ekovart,njbeck
ekoxnpl,10000wattsmile,ekox4rr,poopellar
ekp2jnv,Idiocynical,ekoxnpl,10000wattsmile
ekp4pu4,Beeronastring,ekoxnpl,10000wattsmile
ekp33nk,SulkySkunkPomPoms,ekp2jnv,Idiocynical
ekp2qkp,KodiakUltimate,ekox4rr,poopellar
ekp4a6w,swishswish_disbish,ekox4rr,poopellar
ekou551,Sal_Bundry_5TDs1Game,ekotsyi,BlazeFenton
ekowcx1,PastasaurusRex,ekou551,Sal_Bundry_5TDs1Game
ekou7pd,Gam1ngChair,ekou551,Sal_Bundry_5TDs1Game
ekoyg37,whoreallyknows_,ekou551,Sal_Bundry_5TDs1Game
ekovvlt,viajen,ekou551,Sal_Bundry_5TDs1Game
ekov9s6,cubed_turtle,ekou551,Sal_Bundry_5TDs1Game
ekoyihp,5000_Fish,ekou551,Sal_Bundry_5TDs1Game
ekoyzr3,SymbioticCarnage,ekou551,Sal_Bundry_5TDs1Game
ekozly3,nogswarth,ekou551,Sal_Bundry_5TDs1Game
ekozm74,goosell,ekou551,Sal_Bundry_5TDs1Game
ekozye1,EL_SQUISHY,ekou551,Sal_Bundry_5TDs1Game
ekp04wg,under_a_brontosaurus,ekou551,Sal_Bundry_5TDs1Game
ekp08ll,RedditLevelOver9000,ekou551,Sal_Bundry_5TDs1Game
ekozg7r,Beckybeck2323,ekowcx1,PastasaurusRex
ekp0ree,obscure_toast,ekowcx1,PastasaurusRex
ekouetg,ReadySteady_GO,ekou7pd,Gam1ngChair
ekoyffj,SafeThrowaway8675309,ekou7pd,Gam1ngChair
ekoz51u,BillBurrns,ekou7pd,Gam1ngChair
ekoz8gw,imreallybadattheory,ekou7pd,Gam1ngChair
ekozqw4,Peconpie10,ekou7pd,Gam1ngChair
ekoz542,dargonvessel,ekoyg37,whoreallyknows_
ekoyetv,Cherry-Blue,ekov9s6,cubed_turtle
ekoz1o9,T8teTheGreat,ekov9s6,cubed_turtle
ekozk61,tcs466,ekozg7r,Beckybeck2323
ekozfek,tobean,ekouetg,ReadySteady_GO
ekozgdn,bdemented,ekoyffj,SafeThrowaway8675309
ekp09uy,lizardscum,ekoz51u,BillBurrns
ekp05xy,Twinjetnugget,ekoz542,dargonvessel
ekozo7o,Snark_Weak,ekoyetv,Cherry-Blue
ekoz9ul,tobean,ekoz1o9,T8teTheGreat
ekp0xo6,Wicked-Spade,ekozk61,tcs466
ekozp4n,Beckybeck2323,ekozk61,tcs466
ekp48ig,Bigcockmoneyshot,ekozfek,tobean
ekp05fy,dhays202,ekoz9ul,tobean
ekp17hm,DolarisNL,ekp0xo6,Wicked-Spade
ekp04tq,C9Anus,ekozp4n,Beckybeck2323
ekp1j2t,Wicked-Spade,ekp17hm,DolarisNL
ekp0dsd,rasin_man,ekp04tq,C9Anus
ekoz0ye,venicerocco,ekov8nb,weebaustin
ekp06q5,Awesomo12000,ekoz0ye,venicerocco
ekp09sv,Ihavemyownpizzaoven,ekoz0ye,venicerocco
ekp3bpa,puddlejumpers,ekoz0ye,venicerocco
ekp36oz,808borg,ekoz0ye,venicerocco
ekp2s5r,anonymous_8910,ekp09sv,Ihavemyownpizzaoven
ekotr7y,J1K1M,ekotoci,Sal_Bundry_5TDs1Game
ekotvk9,l4dlouis,ekotr7y,J1K1M
ekotw5o,TheCptMara,ekotoci,Sal_Bundry_5TDs1Game
ekotrjp,SycnoPolicz,ekotoci,Sal_Bundry_5TDs1Game
ekoznqi,YouGuysAreSick,ekotoci,Sal_Bundry_5TDs1Game
ekousxm,Flaming_Homosexual_,ekotoci,Sal_Bundry_5TDs1Game
ekoxpzd,10000wattsmile,ekousxm,Flaming_Homosexual_
ekozfxl,Xvexe,ekotoci,Sal_Bundry_5TDs1Game
ekp2za0,MasterOfChaos4,ekotoci,Sal_Bundry_5TDs1Game
ekoxw03,deedoedee,ekoxhbx,Peabo721
ekp1a3b,podboi,ekoxw03,deedoedee
ekoy89x,Peabo721,ekoxw03,deedoedee
ekp3d55,puddlejumpers,ekp1a3b,podboi
ekp3cmo,spasmaticblaster,ekp1a3b,podboi
ekoyzjt,azur08,ekoy89x,Peabo721
ekp75ou,Yocemighty,ekp3d55,puddlejumpers
ekozok1,EssVeeUU,ekoyzjt,azur08
ekp7cri,Yocemighty,ekoyzjt,azur08
ekoumfy,dankmelk,ekou3tz,batkevn
ekow0cr,_Squirrel_Fucker,ekoumfy,dankmelk
ekp0epb,lizardscum,ekoumfy,dankmelk
ekp00zy,Sataris,ekoumfy,dankmelk
ekowdab,,ekoumfy,dankmelk
ekox6ii,forebill,ekoumfy,dankmelk
ekozrr9,MrHyperion_,ekoumfy,dankmelk
ekp19nf,straybludger,ekoumfy,dankmelk
ekp36dq,Lorenzvc,ekoumfy,dankmelk
ekp6bwr,bookman_,ekoumfy,dankmelk
ekoydoy,TapTapLift,ekow0cr,_Squirrel_Fucker
ekoyei4,load_more_comets,ekow0cr,_Squirrel_Fucker
ekp575k,k-uke,ekow0cr,_Squirrel_Fucker
ekp6mc4,Srapture,ekow0cr,_Squirrel_Fucker
ekp4xct,PhotoshopFix,ekow0cr,_Squirrel_Fucker
ekozcli,thinkingwithfractals,ekowdab,
ekoy06f,SSBM_DangGan,ekowdab,
ekoz4gj,Revan7even,ekowdab,
ekoyc9b,thrway1312,ekowdab,
ekoy7t3,GratefulSlug13,ekowdab,
ekoz71v,RealRobRose,ekowdab,
ekp2mod,infecthead,ekozrr9,MrHyperion_
ekp6z9e,CammyTheGreat,ekoydoy,TapTapLift
ekp3bis,JamesofEngland,ekoydoy,TapTapLift
ekp1qn1,TheRealBallchynz,ekoyei4,load_more_comets
ekp04h4,abductodude,ekoyei4,load_more_comets
ekp0cju,ZimGotTheBug,ekozcli,thinkingwithfractals
ekp29cd,Deepthroat_Your_Tits,ekozcli,thinkingwithfractals
ekp2bxb,BKStephens,ekozcli,thinkingwithfractals
ekp5bd0,TheMildboy,ekozcli,thinkingwithfractals
ekp3u7s,Happy_Each_Day,ekozcli,thinkingwithfractals
ekoy9as,Joefalcon13,ekoy06f,SSBM_DangGan
ekp7hko,TWI2T3D,ekoz4gj,Revan7even
ekp248m,Flame493,ekp1qn1,TheRealBallchynz
ekp00gx,SprittneyBeers,ekoy9as,Joefalcon13
ekp03r2,Joefalcon13,ekp00gx,SprittneyBeers
ekp4ovo,TwyJ,ekp03r2,Joefalcon13
ekozf0w,Amon-Re-72,ekovoku,COAchillENT
ekp20sa,platypus_bear,ekozf0w,Amon-Re-72
ekp3cq6,LordHussyPants,ekozf0w,Amon-Re-72
ekp5awd,blargh9001,ekozf0w,Amon-Re-72
ekp3t3h,Ferrocene_swgoh,ekp20sa,platypus_bear
ekp7g57,Yocemighty,ekp3cq6,LordHussyPants
ekp00oz,NoMoreNicksLeft,ekovoku,COAchillENT
ekp0x2w,COAchillENT,ekp00oz,NoMoreNicksLeft
ekp2svc,scarysnake333,ekp00oz,NoMoreNicksLeft
ekp1sz9,Hobadee,ekp0x2w,COAchillENT
ekp2581,justaboxinacage,ekp1sz9,Hobadee
ekp315v,Lunares,ekp1sz9,Hobadee
ekp689j,Hickory_Dickory_Derp,ekovoku,COAchillENT
ekoy8yu,Pircay,ekovmz0,Drews232
ekp30w2,ChillBusta,ekp1v30,Cuzdesktopsucks
ekov025,The_Hieb,ekoto4n,weagle11
ekovy6k,weagle11,ekov025,The_Hieb
ekowyle,zductiv,ekov025,The_Hieb
ekp508o,turtle_flu,ekov025,The_Hieb
ekp5bp7,5213,ekov025,The_Hieb
ekoxd26,forebill,ekovy6k,weagle11
ekoyd0g,nightlifestructured,ekowyle,zductiv
ekp0z10,baconstrips4canada,ekoxd26,forebill
ekp1s70,TheRealBallchynz,ekp0z10,baconstrips4canada
ekp1ydg,Downvotes_All_Dogs,ekp1s70,TheRealBallchynz
ekp20ie,threedaysmore,ekp1s70,TheRealBallchynz
ekp51ug,turtle_flu,ekp1ydg,Downvotes_All_Dogs
ekoyn1y,forebill,ekoto4n,weagle11
ekp3ad5,PM_PICS_OF_ME_NAKED,ekoyn1y,forebill
ekozxfy,cosgyp,ekoto4n,weagle11
ekozylo,Throwwawaycamera,ekoto4n,weagle11
ekp00qr,NotAcceptingPMs,ekoto4n,weagle11
ekp32ty,hiimjohngalt,ekoto4n,weagle11
ekp7g75,mildlyannoyedbird,ekoto4n,weagle11
ekotmkg,IceSurge_,ekotj4a,TheBamaKing
ekotoiy,TheBamaKing,ekotmkg,IceSurge_
ekox01j,zductiv,ekotmkg,IceSurge_
ekotru3,IceSurge_,ekotoiy,TheBamaKing
ekox5vk,zductiv,ekotoiy,TheBamaKing
ekp5hkp,IceSurge_,ekox01j,zductiv
ekow2ad,_Squirrel_Fucker,ekotru3,IceSurge_
ekp6ebd,zductiv,ekp5hkp,IceSurge_
ekoy1t1,discoafroman,ekow2ad,_Squirrel_Fucker
ekow5cu,SpicyCelery,ekotj4a,TheBamaKing
ekp2ait,ChestShitter69,ekot5gu,Sealouz
ekp4796,yakuza_barda,ekouj2q,PYLrulz
ekp6jt9,Freddybom,ekouj2q,PYLrulz
ekouq6q,MrsBox,ekoubs1,MooseClobbler
ekoybzm,BunnyOppai,ekouq6q,MrsBox
ekowv43,TheMuffinistMan,ekov8k0,21suns
ekp6sah,Ryunio85,ekp6nix,Juidodin
ekp79hs,Juidodin,ekp6sah,Ryunio85
ekotkhj,Tank_Girl_Gritty_235,ekotfkt,Blastspark01
ekotms6,PansexualEmoSwan,ekotfkt,Blastspark01
ekoupvq,boibraindeddd,ekotfkt,Blastspark01
ekoygg1,Lazy_Genius,ekotktn,Walusqueegee
ekoyuna,Walusqueegee,ekoygg1,Lazy_Genius
ekotww5,Zeabos,ekotktn,Walusqueegee
ekoxr6c,WongaSparA80,ekotww5,Zeabos
ekotn7q,PTM_Y-Axis,ekotktn,Walusqueegee
ekovart,njbeck,ekotn7q,PTM_Y-Axis
ekovbbd,PTM_Y-Axis,ekovart,njbeck
ekp2jnv,Idiocynical,ekoxnpl,10000wattsmile
ekp33nk,SulkySkunkPomPoms,ekp2jnv,Idiocynical
ekp4pu4,Beeronastring,ekoxnpl,10000wattsmile
ekowcx1,PastasaurusRex,ekou551,Sal_Bundry_5TDs1Game
ekozg7r,Beckybeck2323,ekowcx1,PastasaurusRex
ekp0ree,obscure_toast,ekowcx1,PastasaurusRex
ekozk61,tcs466,ekozg7r,Beckybeck2323
ekp0xo6,Wicked-Spade,ekozk61,tcs466
ekozp4n,Beckybeck2323,ekozk61,tcs466
ekp17hm,DolarisNL,ekp0xo6,Wicked-Spade
ekp04tq,C9Anus,ekozp4n,Beckybeck2323
ekp1j2t,Wicked-Spade,ekp17hm,DolarisNL
ekp0dsd,rasin_man,ekp04tq,C9Anus
ekou7pd,Gam1ngChair,ekou551,Sal_Bundry_5TDs1Game
ekouetg,ReadySteady_GO,ekou7pd,Gam1ngChair
ekoyffj,SafeThrowaway8675309,ekou7pd,Gam1ngChair
ekoz51u,BillBurrns,ekou7pd,Gam1ngChair
ekoz8gw,imreallybadattheory,ekou7pd,Gam1ngChair
ekozqw4,Peconpie10,ekou7pd,Gam1ngChair
ekozfek,tobean,ekouetg,ReadySteady_GO
ekozgdn,bdemented,ekoyffj,SafeThrowaway8675309
ekp09uy,lizardscum,ekoz51u,BillBurrns
ekp48ig,Bigcockmoneyshot,ekozfek,tobean
ekoyg37,whoreallyknows_,ekou551,Sal_Bundry_5TDs1Game
ekoz542,dargonvessel,ekoyg37,whoreallyknows_
ekp05xy,Twinjetnugget,ekoz542,dargonvessel
ekovvlt,viajen,ekou551,Sal_Bundry_5TDs1Game
ekov9s6,cubed_turtle,ekou551,Sal_Bundry_5TDs1Game
ekoyetv,Cherry-Blue,ekov9s6,cubed_turtle
ekoz1o9,T8teTheGreat,ekov9s6,cubed_turtle
ekozo7o,Snark_Weak,ekoyetv,Cherry-Blue
ekoz9ul,tobean,ekoz1o9,T8teTheGreat
ekp05fy,dhays202,ekoz9ul,tobean
ekoyihp,5000_Fish,ekou551,Sal_Bundry_5TDs1Game
ekoyzr3,SymbioticCarnage,ekou551,Sal_Bundry_5TDs1Game
ekozly3,nogswarth,ekou551,Sal_Bundry_5TDs1Game
ekozm74,goosell,ekou551,Sal_Bundry_5TDs1Game
ekozye1,EL_SQUISHY,ekou551,Sal_Bundry_5TDs1Game
ekp04wg,under_a_brontosaurus,ekou551,Sal_Bundry_5TDs1Game
ekp08ll,RedditLevelOver9000,ekou551,Sal_Bundry_5TDs1Game
ekp06q5,Awesomo12000,ekoz0ye,venicerocco
ekp09sv,Ihavemyownpizzaoven,ekoz0ye,venicerocco
ekp2s5r,anonymous_8910,ekp09sv,Ihavemyownpizzaoven
ekp3bpa,puddlejumpers,ekoz0ye,venicerocco
ekp36oz,808borg,ekoz0ye,venicerocco
ekotvk9,l4dlouis,ekotr7y,J1K1M
ekoxpzd,10000wattsmile,ekousxm,Flaming_Homosexual_
ekp1a3b,podboi,ekoxw03,deedoedee
ekp3d55,puddlejumpers,ekp1a3b,podboi
ekp3cmo,spasmaticblaster,ekp1a3b,podboi
ekp75ou,Yocemighty,ekp3d55,puddlejumpers
ekoy89x,Peabo721,ekoxw03,deedoedee
ekoyzjt,azur08,ekoy89x,Peabo721
ekozok1,EssVeeUU,ekoyzjt,azur08
ekp7cri,Yocemighty,ekoyzjt,azur08
ekow0cr,_Squirrel_Fucker,ekoumfy,dankmelk
ekoydoy,TapTapLift,ekow0cr,_Squirrel_Fucker
ekoyei4,load_more_comets,ekow0cr,_Squirrel_Fucker
ekp575k,k-uke,ekow0cr,_Squirrel_Fucker
ekp6mc4,Srapture,ekow0cr,_Squirrel_Fucker
ekp4xct,PhotoshopFix,ekow0cr,_Squirrel_Fucker
ekp6z9e,CammyTheGreat,ekoydoy,TapTapLift
ekp3bis,JamesofEngland,ekoydoy,TapTapLift
ekp1qn1,TheRealBallchynz,ekoyei4,load_more_comets
ekp04h4,abductodude,ekoyei4,load_more_comets
ekp248m,Flame493,ekp1qn1,TheRealBallchynz
ekp0epb,lizardscum,ekoumfy,dankmelk
ekp00zy,Sataris,ekoumfy,dankmelk
ekowdab,,ekoumfy,dankmelk
ekozcli,thinkingwithfractals,ekowdab,
ekoy06f,SSBM_DangGan,ekowdab,
ekoz4gj,Revan7even,ekowdab,
ekoyc9b,thrway1312,ekowdab,
ekoy7t3,GratefulSlug13,ekowdab,
ekoz71v,RealRobRose,ekowdab,
ekp0cju,ZimGotTheBug,ekozcli,thinkingwithfractals
ekp29cd,Deepthroat_Your_Tits,ekozcli,thinkingwithfractals
ekp2bxb,BKStephens,ekozcli,thinkingwithfractals
ekp5bd0,TheMildboy,ekozcli,thinkingwithfractals
ekp3u7s,Happy_Each_Day,ekozcli,thinkingwithfractals
ekoy9as,Joefalcon13,ekoy06f,SSBM_DangGan
ekp7hko,TWI2T3D,ekoz4gj,Revan7even
ekp00gx,SprittneyBeers,ekoy9as,Joefalcon13
ekp03r2,Joefalcon13,ekp00gx,SprittneyBeers
ekp4ovo,TwyJ,ekp03r2,Joefalcon13
ekox6ii,forebill,ekoumfy,dankmelk
ekozrr9,MrHyperion_,ekoumfy,dankmelk
ekp2mod,infecthead,ekozrr9,MrHyperion_
ekp19nf,straybludger,ekoumfy,dankmelk
ekp36dq,Lorenzvc,ekoumfy,dankmelk
ekp6bwr,bookman_,ekoumfy,dankmelk
ekp20sa,platypus_bear,ekozf0w,Amon-Re-72
ekp3t3h,Ferrocene_swgoh,ekp20sa,platypus_bear
ekp3cq6,LordHussyPants,ekozf0w,Amon-Re-72
ekp7g57,Yocemighty,ekp3cq6,LordHussyPants
ekp5awd,blargh9001,ekozf0w,Amon-Re-72
ekp0x2w,COAchillENT,ekp00oz,NoMoreNicksLeft
ekp1sz9,Hobadee,ekp0x2w,COAchillENT
ekp2581,justaboxinacage,ekp1sz9,Hobadee
ekp315v,Lunares,ekp1sz9,Hobadee
ekp2svc,scarysnake333,ekp00oz,NoMoreNicksLeft
ekovy6k,weagle11,ekov025,The_Hieb
ekoxd26,forebill,ekovy6k,weagle11
ekp0z10,baconstrips4canada,ekoxd26,forebill
ekp1s70,TheRealBallchynz,ekp0z10,baconstrips4canada
ekp1ydg,Downvotes_All_Dogs,ekp1s70,TheRealBallchynz
ekp20ie,threedaysmore,ekp1s70,TheRealBallchynz
ekp51ug,turtle_flu,ekp1ydg,Downvotes_All_Dogs
ekowyle,zductiv,ekov025,The_Hieb
ekoyd0g,nightlifestructured,ekowyle,zductiv
ekp508o,turtle_flu,ekov025,The_Hieb
ekp5bp7,5213,ekov025,The_Hieb
ekp3ad5,PM_PICS_OF_ME_NAKED,ekoyn1y,forebill
ekotoiy,TheBamaKing,ekotmkg,IceSurge_
ekotru3,IceSurge_,ekotoiy,TheBamaKing
ekox5vk,zductiv,ekotoiy,TheBamaKing
ekow2ad,_Squirrel_Fucker,ekotru3,IceSurge_
ekoy1t1,discoafroman,ekow2ad,_Squirrel_Fucker
ekox01j,zductiv,ekotmkg,IceSurge_
ekp5hkp,IceSurge_,ekox01j,zductiv
ekp6ebd,zductiv,ekp5hkp,IceSurge_
ekoybzm,BunnyOppai,ekouq6q,MrsBox
ekp79hs,Juidodin,ekp6sah,Ryunio85
ekoyuna,Walusqueegee,ekoygg1,Lazy_Genius
ekoxr6c,WongaSparA80,ekotww5,Zeabos
ekovart,njbeck,ekotn7q,PTM_Y-Axis
ekovbbd,PTM_Y-Axis,ekovart,njbeck
ekp33nk,SulkySkunkPomPoms,ekp2jnv,Idiocynical
ekozg7r,Beckybeck2323,ekowcx1,PastasaurusRex
ekozk61,tcs466,ekozg7r,Beckybeck2323
ekp0xo6,Wicked-Spade,ekozk61,tcs466
ekozp4n,Beckybeck2323,ekozk61,tcs466
ekp17hm,DolarisNL,ekp0xo6,Wicked-Spade
ekp04tq,C9Anus,ekozp4n,Beckybeck2323
ekp1j2t,Wicked-Spade,ekp17hm,DolarisNL
ekp0dsd,rasin_man,ekp04tq,C9Anus
ekp0ree,obscure_toast,ekowcx1,PastasaurusRex
ekouetg,ReadySteady_GO,ekou7pd,Gam1ngChair
ekozfek,tobean,ekouetg,ReadySteady_GO
ekp48ig,Bigcockmoneyshot,ekozfek,tobean
ekoyffj,SafeThrowaway8675309,ekou7pd,Gam1ngChair
ekozgdn,bdemented,ekoyffj,SafeThrowaway8675309
ekoz51u,BillBurrns,ekou7pd,Gam1ngChair
ekp09uy,lizardscum,ekoz51u,BillBurrns
ekoz8gw,imreallybadattheory,ekou7pd,Gam1ngChair
ekozqw4,Peconpie10,ekou7pd,Gam1ngChair
ekoz542,dargonvessel,ekoyg37,whoreallyknows_
ekp05xy,Twinjetnugget,ekoz542,dargonvessel
ekoyetv,Cherry-Blue,ekov9s6,cubed_turtle
ekozo7o,Snark_Weak,ekoyetv,Cherry-Blue
ekoz1o9,T8teTheGreat,ekov9s6,cubed_turtle
ekoz9ul,tobean,ekoz1o9,T8teTheGreat
ekp05fy,dhays202,ekoz9ul,tobean
ekp2s5r,anonymous_8910,ekp09sv,Ihavemyownpizzaoven
ekp3d55,puddlejumpers,ekp1a3b,podboi
ekp75ou,Yocemighty,ekp3d55,puddlejumpers
ekp3cmo,spasmaticblaster,ekp1a3b,podboi
ekoyzjt,azur08,ekoy89x,Peabo721
ekozok1,EssVeeUU,ekoyzjt,azur08
ekp7cri,Yocemighty,ekoyzjt,azur08
ekoydoy,TapTapLift,ekow0cr,_Squirrel_Fucker
ekp6z9e,CammyTheGreat,ekoydoy,TapTapLift
ekp3bis,JamesofEngland,ekoydoy,TapTapLift
ekoyei4,load_more_comets,ekow0cr,_Squirrel_Fucker
ekp1qn1,TheRealBallchynz,ekoyei4,load_more_comets
ekp04h4,abductodude,ekoyei4,load_more_comets
ekp248m,Flame493,ekp1qn1,TheRealBallchynz
ekp575k,k-uke,ekow0cr,_Squirrel_Fucker
ekp6mc4,Srapture,ekow0cr,_Squirrel_Fucker
ekp4xct,PhotoshopFix,ekow0cr,_Squirrel_Fucker
ekozcli,thinkingwithfractals,ekowdab,
ekp0cju,ZimGotTheBug,ekozcli,thinkingwithfractals
ekp29cd,Deepthroat_Your_Tits,ekozcli,thinkingwithfractals
ekp2bxb,BKStephens,ekozcli,thinkingwithfractals
ekp5bd0,TheMildboy,ekozcli,thinkingwithfractals
ekp3u7s,Happy_Each_Day,ekozcli,thinkingwithfractals
ekoy06f,SSBM_DangGan,ekowdab,
ekoy9as,Joefalcon13,ekoy06f,SSBM_DangGan
ekp00gx,SprittneyBeers,ekoy9as,Joefalcon13
ekp03r2,Joefalcon13,ekp00gx,SprittneyBeers
ekp4ovo,TwyJ,ekp03r2,Joefalcon13
ekoz4gj,Revan7even,ekowdab,
ekp7hko,TWI2T3D,ekoz4gj,Revan7even
ekoyc9b,thrway1312,ekowdab,
ekoy7t3,GratefulSlug13,ekowdab,
ekoz71v,RealRobRose,ekowdab,
ekp2mod,infecthead,ekozrr9,MrHyperion_
ekp3t3h,Ferrocene_swgoh,ekp20sa,platypus_bear
ekp7g57,Yocemighty,ekp3cq6,LordHussyPants
ekp1sz9,Hobadee,ekp0x2w,COAchillENT
ekp2581,justaboxinacage,ekp1sz9,Hobadee
ekp315v,Lunares,ekp1sz9,Hobadee
ekoxd26,forebill,ekovy6k,weagle11
ekp0z10,baconstrips4canada,ekoxd26,forebill
ekp1s70,TheRealBallchynz,ekp0z10,baconstrips4canada
ekp1ydg,Downvotes_All_Dogs,ekp1s70,TheRealBallchynz
ekp20ie,threedaysmore,ekp1s70,TheRealBallchynz
ekp51ug,turtle_flu,ekp1ydg,Downvotes_All_Dogs
ekoyd0g,nightlifestructured,ekowyle,zductiv
ekotru3,IceSurge_,ekotoiy,TheBamaKing
ekow2ad,_Squirrel_Fucker,ekotru3,IceSurge_
ekoy1t1,discoafroman,ekow2ad,_Squirrel_Fucker
ekox5vk,zductiv,ekotoiy,TheBamaKing
ekp5hkp,IceSurge_,ekox01j,zductiv
ekp6ebd,zductiv,ekp5hkp,IceSurge_
ekovbbd,PTM_Y-Axis,ekovart,njbeck
ekozk61,tcs466,ekozg7r,Beckybeck2323
ekp0xo6,Wicked-Spade,ekozk61,tcs466
ekozp4n,Beckybeck2323,ekozk61,tcs466
ekp17hm,DolarisNL,ekp0xo6,Wicked-Spade
ekp04tq,C9Anus,ekozp4n,Beckybeck2323
ekp1j2t,Wicked-Spade,ekp17hm,DolarisNL
ekp0dsd,rasin_man,ekp04tq,C9Anus
ekozfek,tobean,ekouetg,ReadySteady_GO
ekp48ig,Bigcockmoneyshot,ekozfek,tobean
ekozgdn,bdemented,ekoyffj,SafeThrowaway8675309
ekp09uy,lizardscum,ekoz51u,BillBurrns
ekp05xy,Twinjetnugget,ekoz542,dargonvessel
ekozo7o,Snark_Weak,ekoyetv,Cherry-Blue
ekoz9ul,tobean,ekoz1o9,T8teTheGreat
ekp05fy,dhays202,ekoz9ul,tobean
ekp75ou,Yocemighty,ekp3d55,puddlejumpers
ekozok1,EssVeeUU,ekoyzjt,azur08
ekp7cri,Yocemighty,ekoyzjt,azur08
ekp6z9e,CammyTheGreat,ekoydoy,TapTapLift
ekp3bis,JamesofEngland,ekoydoy,TapTapLift
ekp1qn1,TheRealBallchynz,ekoyei4,load_more_comets
ekp248m,Flame493,ekp1qn1,TheRealBallchynz
ekp04h4,abductodude,ekoyei4,load_more_comets
ekp0cju,ZimGotTheBug,ekozcli,thinkingwithfractals
ekp29cd,Deepthroat_Your_Tits,ekozcli,thinkingwithfractals
ekp2bxb,BKStephens,ekozcli,thinkingwithfractals
ekp5bd0,TheMildboy,ekozcli,thinkingwithfractals
ekp3u7s,Happy_Each_Day,ekozcli,thinkingwithfractals
ekoy9as,Joefalcon13,ekoy06f,SSBM_DangGan
ekp00gx,SprittneyBeers,ekoy9as,Joefalcon13
ekp03r2,Joefalcon13,ekp00gx,SprittneyBeers
ekp4ovo,TwyJ,ekp03r2,Joefalcon13
ekp7hko,TWI2T3D,ekoz4gj,Revan7even
ekp2581,justaboxinacage,ekp1sz9,Hobadee
ekp315v,Lunares,ekp1sz9,Hobadee
ekp0z10,baconstrips4canada,ekoxd26,forebill
ekp1s70,TheRealBallchynz,ekp0z10,baconstrips4canada
ekp1ydg,Downvotes_All_Dogs,ekp1s70,TheRealBallchynz
ekp20ie,threedaysmore,ekp1s70,TheRealBallchynz
ekp51ug,turtle_flu,ekp1ydg,Downvotes_All_Dogs
ekow2ad,_Squirrel_Fucker,ekotru3,IceSurge_
ekoy1t1,discoafroman,ekow2ad,_Squirrel_Fucker
ekp6ebd,zductiv,ekp5hkp,IceSurge_
ekp0xo6,Wicked-Spade,ekozk61,tcs466
ekp17hm,DolarisNL,ekp0xo6,Wicked-Spade
ekp1j2t,Wicked-Spade,ekp17hm,DolarisNL
ekozp4n,Beckybeck2323,ekozk61,tcs466
ekp04tq,C9Anus,ekozp4n,Beckybeck2323
ekp0dsd,rasin_man,ekp04tq,C9Anus
ekp48ig,Bigcockmoneyshot,ekozfek,tobean
ekp05fy,dhays202,ekoz9ul,tobean
ekp248m,Flame493,ekp1qn1,TheRealBallchynz
ekp00gx,SprittneyBeers,ekoy9as,Joefalcon13
ekp03r2,Joefalcon13,ekp00gx,SprittneyBeers
ekp4ovo,TwyJ,ekp03r2,Joefalcon13
ekp1s70,TheRealBallchynz,ekp0z10,baconstrips4canada
ekp1ydg,Downvotes_All_Dogs,ekp1s70,TheRealBallchynz
ekp20ie,threedaysmore,ekp1s70,TheRealBallchynz
ekp51ug,turtle_flu,ekp1ydg,Downvotes_All_Dogs
ekoy1t1,discoafroman,ekow2ad,_Squirrel_Fucker
ekp17hm,DolarisNL,ekp0xo6,Wicked-Spade
ekp1j2t,Wicked-Spade,ekp17hm,DolarisNL
ekp04tq,C9Anus,ekozp4n,Beckybeck2323
ekp0dsd,rasin_man,ekp04tq,C9Anus
ekp03r2,Joefalcon13,ekp00gx,SprittneyBeers
ekp4ovo,TwyJ,ekp03r2,Joefalcon13
ekp1ydg,Downvotes_All_Dogs,ekp1s70,TheRealBallchynz
ekp51ug,turtle_flu,ekp1ydg,Downvotes_All_Dogs
ekp20ie,threedaysmore,ekp1s70,TheRealBallchynz
ekp1j2t,Wicked-Spade,ekp17hm,DolarisNL
ekp0dsd,rasin_man,ekp04tq,C9Anus
ekp4ovo,TwyJ,ekp03r2,Joefalcon13
ekp51ug,turtle_flu,ekp1ydg,Downvotes_All_Dogs
